,heartRate,thermal,user_id
2019-01-18 01:20:30.032000+08:00,,9,Raring Ringtail
2019-01-18 01:20:30.852000+08:00,,9,Raring Ringtail
2019-01-18 01:20:35.997999872+08:00,,9,Raring Ringtail
2019-01-18 02:01:11.255000064+08:00,,11,Raring Ringtail
2019-01-18 02:01:12.134000128+08:00,,11,Raring Ringtail
2019-01-20 20:12:06.824999936+08:00,,10,Raring Ringtail
2019-01-20 20:12:15.116000+08:00,,11,Raring Ringtail
2019-01-20 20:12:16.151000064+08:00,,10,Raring Ringtail
2019-01-20 20:42:40.808999936+08:00,,11,Raring Ringtail
2019-01-20 20:45:20.756999936+08:00,,11,Raring Ringtail
2019-01-20 20:47:15.188999936+08:00,,11,Raring Ringtail
2019-01-29 05:27:08.212000+08:00,,10,Raring Ringtail
2019-01-29 05:27:09.082000128+08:00,,11,Raring Ringtail
2019-01-29 05:27:37.769999872+08:00,,11,Raring Ringtail
2019-01-29 05:27:52.769999872+08:00,,10,Raring Ringtail
2019-01-29 05:28:44.303000064+08:00,,10,Raring Ringtail
2019-01-29 05:28:45.224000+08:00,,9,Raring Ringtail
2019-01-29 05:28:58.842000128+08:00,,9,Raring Ringtail
2019-01-29 05:28:58.845999872+08:00,,10,Raring Ringtail
2019-01-29 05:28:59.780999936+08:00,,9,Raring Ringtail
2019-01-29 05:33:18.436999936+08:00,,11,Raring Ringtail
2019-01-29 05:33:35.867000064+08:00,,11,Raring Ringtail
2019-01-29 05:34:51.842999808+08:00,,10,Raring Ringtail
2019-01-29 05:34:52.746000128+08:00,,10,Raring Ringtail
2019-01-29 05:35:20.878000128+08:00,,10,Raring Ringtail
2019-01-29 05:35:52.236000+08:00,,9,Raring Ringtail
2019-01-29 05:37:00.956000+08:00,,11,Raring Ringtail
2019-01-29 05:37:01.686000128+08:00,,11,Raring Ringtail
2019-01-29 05:37:48.527000064+08:00,,10,Raring Ringtail
2019-01-29 05:38:03.066999808+08:00,,10,Raring Ringtail
2019-01-29 05:38:03.326999808+08:00,,10,Raring Ringtail
2019-01-29 05:38:03.816000+08:00,,11,Raring Ringtail
2019-01-29 05:38:03.825999872+08:00,,11,Raring Ringtail
2019-01-29 05:38:03.840000+08:00,,10,Raring Ringtail
2019-01-29 05:48:09.048000+08:00,,9,Raring Ringtail
2019-01-29 05:53:10.038000128+08:00,,10,Raring Ringtail
2019-01-29 06:00:54.316000+08:00,,10,Raring Ringtail
2019-01-29 06:01:07.604999936+08:00,,11,Raring Ringtail
2019-01-29 06:01:58.148000+08:00,,10,Raring Ringtail
2019-01-29 06:01:58.960999936+08:00,,10,Raring Ringtail
2019-01-31 03:35:45.120999936+08:00,,11,Raring Ringtail
2019-01-31 03:35:45.508999936+08:00,,10,Raring Ringtail
2019-01-31 03:35:45.813999872+08:00,,11,Raring Ringtail
2019-01-31 03:35:46.089999872+08:00,,11,Raring Ringtail
2019-01-31 03:35:46.112999936+08:00,,10,Raring Ringtail
2019-01-31 03:35:46.452000+08:00,,9,Raring Ringtail
2019-02-11 04:45:52.990000128+08:00,,10,Raring Ringtail
2019-02-11 04:45:58.632999936+08:00,,10,Raring Ringtail
2019-02-11 04:50:16.408999936+08:00,,10,Raring Ringtail
2019-02-11 04:56:24.767000064+08:00,,10,Raring Ringtail
2019-02-11 05:05:09.634000128+08:00,,10,Raring Ringtail
2019-02-11 05:10:22.984000+08:00,,10,Raring Ringtail
2019-02-11 05:20:10.884000+08:00,,10,Raring Ringtail
2019-02-11 05:30:03.592000+08:00,,10,Raring Ringtail
2019-02-11 05:30:04.467000064+08:00,,10,Raring Ringtail
2019-02-11 05:35:35.636000+08:00,,10,Raring Ringtail
2019-02-11 05:40:34.435000064+08:00,,9,Raring Ringtail
2019-02-11 05:50:09.710000128+08:00,,10,Raring Ringtail
2019-02-11 06:10:25.412000+08:00,,10,Raring Ringtail
2019-02-11 06:15:03.482000128+08:00,,10,Raring Ringtail
2019-02-11 06:25:08.808000+08:00,,10,Raring Ringtail
2019-02-11 06:25:49.364000+08:00,,10,Raring Ringtail
2019-02-11 06:36:09.088000+08:00,,10,Raring Ringtail
2019-02-11 06:44:07.825999872+08:00,,10,Raring Ringtail
2019-02-11 07:07:02.731000064+08:00,,10,Raring Ringtail
2019-02-11 07:07:08.260000+08:00,,11,Raring Ringtail
2019-02-11 07:07:09.072999936+08:00,,10,Raring Ringtail
2019-02-11 07:07:09.101000192+08:00,,10,Raring Ringtail
2019-02-11 07:07:09.124000+08:00,,10,Raring Ringtail
2019-02-12 20:24:32.530999808+08:00,,10,Raring Ringtail
2019-02-12 20:24:32.536999936+08:00,,9,Raring Ringtail
2019-02-12 20:24:32.542000128+08:00,,9,Raring Ringtail
2019-02-12 20:24:32.546000128+08:00,,9,Raring Ringtail
2019-02-12 20:24:32.558000128+08:00,,10,Raring Ringtail
2019-02-12 20:24:33.910000128+08:00,,9,Raring Ringtail
2019-02-12 20:24:33.916999936+08:00,,9,Raring Ringtail
2019-02-12 20:24:33.920999936+08:00,,9,Raring Ringtail
2019-02-12 20:24:33.924999936+08:00,,9,Raring Ringtail
2019-02-12 20:24:35.694999808+08:00,,10,Raring Ringtail
2019-02-12 20:24:35.698999808+08:00,,10,Raring Ringtail
2019-02-12 20:24:35.704999936+08:00,,9,Raring Ringtail
2019-02-12 20:24:35.708000+08:00,,9,Raring Ringtail
2019-02-12 20:24:42.836000+08:00,,10,Raring Ringtail
2019-02-12 20:24:42.840000+08:00,,10,Raring Ringtail
2019-02-12 20:24:42.851000064+08:00,,9,Raring Ringtail
2019-02-12 20:24:42.855000064+08:00,,9,Raring Ringtail
2019-02-12 20:24:42.862999808+08:00,,9,Raring Ringtail
2019-02-12 20:24:43.296999936+08:00,,10,Raring Ringtail
2019-02-12 20:24:43.301000192+08:00,,9,Raring Ringtail
2019-02-12 23:44:52.339000064+08:00,,10,Raring Ringtail
2019-02-12 23:44:52.776999936+08:00,,10,Raring Ringtail
2019-02-12 23:44:59.224999936+08:00,,10,Raring Ringtail
2019-02-12 23:44:59.279000064+08:00,,10,Raring Ringtail
2019-02-12 23:44:59.588000+08:00,,10,Raring Ringtail
2019-02-18 02:44:20.877000192+08:00,,10,Raring Ringtail
2019-02-18 02:44:21.676999936+08:00,,9,Raring Ringtail
2019-02-18 02:44:25.947000064+08:00,,10,Raring Ringtail
2019-02-18 02:44:25.977999872+08:00,,10,Raring Ringtail
2019-02-18 02:44:26.201999872+08:00,,10,Raring Ringtail
2019-02-18 02:44:26.257999872+08:00,,11,Raring Ringtail
2019-02-18 02:44:26.488000+08:00,,10,Raring Ringtail
2019-02-18 02:44:26.584999936+08:00,,10,Raring Ringtail
2019-02-18 02:44:26.744999936+08:00,,10,Raring Ringtail
2019-02-18 02:44:26.845999872+08:00,,10,Raring Ringtail
2019-02-18 02:44:26.892999936+08:00,,10,Raring Ringtail
2019-02-18 02:44:26.948999936+08:00,,10,Raring Ringtail
2019-02-18 02:44:26.999000064+08:00,,10,Raring Ringtail
2019-02-18 02:44:27.099000064+08:00,,10,Raring Ringtail
2019-02-18 02:44:32.496999936+08:00,,9,Raring Ringtail
2019-02-18 02:44:32.507000064+08:00,,10,Raring Ringtail
2019-02-18 02:44:32.519000064+08:00,,10,Raring Ringtail
2019-02-18 02:44:32.528000+08:00,,9,Raring Ringtail
2019-02-18 02:44:32.976000+08:00,,10,Raring Ringtail
2019-02-18 02:44:32.991000064+08:00,,10,Raring Ringtail
2019-02-18 02:49:11.482000128+08:00,,10,Raring Ringtail
2019-02-18 02:49:12.617000192+08:00,,10,Raring Ringtail
2019-02-18 02:50:08.538000128+08:00,,11,Raring Ringtail
2019-02-18 02:50:09.558000128+08:00,,11,Raring Ringtail
2019-02-18 03:23:21.341000192+08:00,,9,Raring Ringtail
2019-02-18 03:23:38.724999936+08:00,,9,Raring Ringtail
2019-02-18 03:25:01.604999936+08:00,,10,Raring Ringtail
2019-02-18 03:25:02.864000+08:00,,9,Raring Ringtail
2019-02-18 03:25:39.763000064+08:00,,11,Raring Ringtail
2019-02-18 03:25:40.825999872+08:00,,11,Raring Ringtail
2019-03-25 02:53:43.127000064+08:00,67.0,11,Raring Ringtail
2019-03-25 02:53:44.632999936+08:00,67.0,11,Raring Ringtail
2019-03-25 02:53:45.869999872+08:00,67.0,11,Raring Ringtail
2019-03-25 02:54:10.420999936+08:00,67.0,11,Raring Ringtail
2019-03-25 02:54:10.828000+08:00,67.0,11,Raring Ringtail
2019-03-25 02:54:11.176000+08:00,67.0,11,Raring Ringtail
2019-03-25 02:54:11.453000192+08:00,67.0,11,Raring Ringtail
2019-03-25 02:54:11.868000+08:00,67.0,11,Raring Ringtail
2019-03-25 02:54:12.150000128+08:00,67.0,11,Raring Ringtail
2019-03-25 02:54:12.970000128+08:00,67.0,11,Raring Ringtail
2019-03-25 02:54:13.351000064+08:00,67.0,11,Raring Ringtail
2019-03-25 02:54:13.688000+08:00,67.0,11,Raring Ringtail
2019-03-25 02:54:43.655000064+08:00,70.0,11,Raring Ringtail
2019-03-25 02:54:44.862999808+08:00,70.0,10,Raring Ringtail
2019-03-25 02:54:45.964999936+08:00,70.0,10,Raring Ringtail
2019-03-25 02:55:10.332999936+08:00,70.0,10,Raring Ringtail
2019-03-25 02:55:11.266000128+08:00,70.0,10,Raring Ringtail
2019-03-25 02:55:12.180000+08:00,70.0,10,Raring Ringtail
2019-02-22 11:26:22.013999872+08:00,,10,Saucy Salamander
2019-02-22 11:52:03.208000+08:00,,10,Saucy Salamander
2019-03-27 14:45:47.120000+08:00,74.0,10,Saucy Salamander
2019-03-27 14:46:08.467000064+08:00,73.0,10,Saucy Salamander
2019-03-27 15:04:56.855000064+08:00,69.0,10,Saucy Salamander
2019-03-27 17:04:58.168000+08:00,79.0,10,Saucy Salamander
2019-03-28 10:08:38.342999808+08:00,79.0,10,Saucy Salamander
2019-03-28 11:21:19.921999872+08:00,94.0,10,Saucy Salamander
2019-03-28 13:05:01.915000064+08:00,90.0,10,Saucy Salamander
2019-03-28 15:04:57.832999936+08:00,78.0,10,Saucy Salamander
2019-03-28 17:05:16.463000064+08:00,71.0,10,Saucy Salamander
2019-04-07 13:23:05.996000+08:00,91.0,10,Saucy Salamander
2019-04-07 15:03:05.114000128+08:00,96.0,10,Saucy Salamander
2019-04-07 15:56:32.692000+08:00,100.0,10,Saucy Salamander
2019-04-07 17:16:36.820000+08:00,87.0,10,Saucy Salamander
2019-04-07 18:34:46.806999808+08:00,84.0,10,Saucy Salamander
2019-04-08 09:35:20.712000+08:00,79.0,10,Saucy Salamander
2019-04-08 11:00:08.249000192+08:00,85.0,10,Saucy Salamander
2019-04-08 13:00:08.139000064+08:00,107.0,10,Saucy Salamander
2019-04-08 15:00:59.296999936+08:00,90.0,10,Saucy Salamander
2019-04-08 17:01:00.268000+08:00,67.0,10,Saucy Salamander
2019-04-09 09:15:27.604000+08:00,83.0,10,Saucy Salamander
2019-04-09 11:28:53.708000+08:00,113.0,10,Saucy Salamander
2019-04-09 13:31:31.377000192+08:00,79.0,10,Saucy Salamander
2019-04-09 15:11:31.075000064+08:00,80.0,10,Saucy Salamander
2019-04-09 17:11:32.818000128+08:00,73.0,10,Saucy Salamander
2019-04-10 09:11:30.430000128+08:00,112.0,10,Saucy Salamander
2019-04-10 11:11:32.120000+08:00,75.0,10,Saucy Salamander
2019-04-10 13:19:29.421999872+08:00,103.0,10,Saucy Salamander
2019-04-10 15:19:29.148999936+08:00,81.0,10,Saucy Salamander
2019-04-10 17:19:37.283000064+08:00,85.0,10,Saucy Salamander
2019-04-10 17:55:39.780999936+08:00,72.0,10,Saucy Salamander
2019-04-11 09:38:35.655000064+08:00,105.0,10,Saucy Salamander
2019-04-11 11:15:39.404000+08:00,73.0,10,Saucy Salamander
2019-04-11 13:15:50.903000064+08:00,112.0,10,Saucy Salamander
2019-04-11 15:15:38.857000192+08:00,77.0,10,Saucy Salamander
2019-04-11 17:35:58.684999936+08:00,65.0,10,Saucy Salamander
2019-04-12 09:15:51.804000+08:00,98.0,10,Saucy Salamander
2019-04-12 11:15:51.324000+08:00,75.0,10,Saucy Salamander
2019-04-12 13:15:51.737999872+08:00,76.0,10,Saucy Salamander
2019-04-12 15:15:56.076999936+08:00,77.0,10,Saucy Salamander
2019-04-12 15:49:19.122999808+08:00,82.0,10,Saucy Salamander
2019-04-12 17:09:13.135000064+08:00,79.0,10,Saucy Salamander
2019-04-12 18:37:13.914000128+08:00,103.0,11,Saucy Salamander
2019-04-14 15:09:35.528999936+08:00,102.0,10,Saucy Salamander
2019-04-14 17:09:20.898000128+08:00,102.0,10,Saucy Salamander
2019-04-15 11:20:52.928999936+08:00,95.0,10,Saucy Salamander
2019-04-15 13:14:28.993999872+08:00,104.0,10,Saucy Salamander
2019-04-15 15:14:27.285000192+08:00,83.0,10,Saucy Salamander
2019-04-15 17:14:27.008000+08:00,94.0,10,Saucy Salamander
2019-04-16 09:24:44.112999936+08:00,122.0,10,Saucy Salamander
2019-04-16 11:04:44.368000+08:00,108.0,11,Saucy Salamander
2019-04-16 15:04:46.545000192+08:00,94.0,10,Saucy Salamander
2019-04-16 18:27:28.805999872+08:00,83.0,10,Saucy Salamander
2019-04-17 11:50:23.544000+08:00,99.0,10,Saucy Salamander
2019-04-17 13:29:29.287000064+08:00,95.0,10,Saucy Salamander
2019-04-17 15:10:33.970000128+08:00,88.0,10,Saucy Salamander
2019-04-17 17:10:32.759000064+08:00,84.0,10,Saucy Salamander
2019-01-30 08:52:36.563000064+08:00,,11,Utopic Unicorn
2019-01-30 08:52:37.005000192+08:00,,11,Utopic Unicorn
2019-01-30 08:52:37.075000064+08:00,,11,Utopic Unicorn
2019-01-30 08:52:37.117000192+08:00,,10,Utopic Unicorn
2019-01-30 08:52:37.188000+08:00,,9,Utopic Unicorn
2019-01-30 08:52:37.244999936+08:00,,10,Utopic Unicorn
2019-01-30 08:52:37.264000+08:00,,10,Utopic Unicorn
2019-01-30 08:52:37.296999936+08:00,,11,Utopic Unicorn
2019-01-30 08:52:37.303000064+08:00,,10,Utopic Unicorn
2019-01-30 08:52:43.463000064+08:00,,11,Utopic Unicorn
2019-01-30 08:52:43.467000064+08:00,,10,Utopic Unicorn
2019-01-30 08:52:43.474999808+08:00,,10,Utopic Unicorn
2019-01-30 08:52:43.480000+08:00,,10,Utopic Unicorn
2019-01-30 08:52:43.499000064+08:00,,10,Utopic Unicorn
2019-01-30 08:52:43.503000064+08:00,,11,Utopic Unicorn
2019-01-30 08:52:43.506000128+08:00,,9,Utopic Unicorn
2019-01-30 08:52:43.515000064+08:00,,11,Utopic Unicorn
2019-01-30 08:52:43.524000+08:00,,11,Utopic Unicorn
2019-01-30 08:52:43.556000+08:00,,11,Utopic Unicorn
2019-01-30 08:52:43.559000064+08:00,,11,Utopic Unicorn
2019-01-31 10:59:56.368000+08:00,,10,Utopic Unicorn
2019-01-31 10:59:56.564000+08:00,,10,Utopic Unicorn
2019-01-31 10:59:56.923000064+08:00,,10,Utopic Unicorn
2019-01-31 10:59:57.020000+08:00,,10,Utopic Unicorn
2019-01-31 11:08:25.647000064+08:00,,10,Utopic Unicorn
2019-01-31 11:08:25.824999936+08:00,,10,Utopic Unicorn
2019-01-31 14:31:24.820000+08:00,,10,Utopic Unicorn
2019-01-31 17:12:45.688999936+08:00,,10,Utopic Unicorn
2019-01-31 19:42:54.967000064+08:00,,11,Utopic Unicorn
2019-01-31 21:12:54.770999808+08:00,,11,Utopic Unicorn
2019-01-31 23:12:56.413000192+08:00,,10,Utopic Unicorn
2019-02-06 09:02:23.986000128+08:00,,10,Utopic Unicorn
2019-02-06 09:02:24.084999936+08:00,,10,Utopic Unicorn
2019-02-06 09:02:24.967000064+08:00,,10,Utopic Unicorn
2019-02-06 09:02:24.971000064+08:00,,9,Utopic Unicorn
2019-02-06 09:02:25.060000+08:00,,9,Utopic Unicorn
2019-02-06 17:30:20.407000064+08:00,,10,Utopic Unicorn
2019-02-06 21:30:27.491000064+08:00,,9,Utopic Unicorn
2019-02-06 23:30:26.385999872+08:00,,10,Utopic Unicorn
2019-02-07 16:08:13.354000128+08:00,,9,Utopic Unicorn
2019-02-07 16:08:13.581000192+08:00,,11,Utopic Unicorn
2019-02-07 16:08:20.175000064+08:00,,11,Utopic Unicorn
2019-02-07 16:08:20.345999872+08:00,,9,Utopic Unicorn
2019-02-07 17:08:18.178999808+08:00,,10,Utopic Unicorn
2019-02-08 08:55:09.220000+08:00,,10,Utopic Unicorn
2019-02-08 08:55:10.776000+08:00,,10,Utopic Unicorn
2019-02-14 07:28:48.331000064+08:00,,10,Utopic Unicorn
2019-02-14 07:28:48.416000+08:00,,10,Utopic Unicorn
2019-02-14 07:28:49.690000128+08:00,,10,Utopic Unicorn
2019-02-14 07:28:49.694999808+08:00,,10,Utopic Unicorn
2019-02-14 07:28:49.710000128+08:00,,10,Utopic Unicorn
2019-02-14 07:28:49.717999872+08:00,,10,Utopic Unicorn
2019-02-14 07:28:49.821000192+08:00,,11,Utopic Unicorn
2019-02-14 07:28:49.852000+08:00,,11,Utopic Unicorn
2019-02-14 07:28:56.236000+08:00,,11,Utopic Unicorn
2019-02-14 07:28:56.240000+08:00,,11,Utopic Unicorn
2019-02-14 07:28:56.246000128+08:00,,10,Utopic Unicorn
2019-02-14 07:28:56.250999808+08:00,,10,Utopic Unicorn
2019-02-14 07:28:56.257999872+08:00,,9,Utopic Unicorn
2019-02-14 07:28:56.260999936+08:00,,10,Utopic Unicorn
2019-02-14 07:28:56.267000064+08:00,,11,Utopic Unicorn
2019-02-14 07:28:56.272999936+08:00,,11,Utopic Unicorn
2019-02-14 07:28:56.279000064+08:00,,10,Utopic Unicorn
2019-02-14 07:28:56.283000064+08:00,,10,Utopic Unicorn
2019-02-14 07:28:56.290999808+08:00,,9,Utopic Unicorn
2019-02-14 07:28:56.296999936+08:00,,10,Utopic Unicorn
2019-02-14 07:28:56.312000+08:00,,10,Utopic Unicorn
2019-02-14 07:28:56.320000+08:00,,11,Utopic Unicorn
2019-02-14 07:28:56.324000+08:00,,10,Utopic Unicorn
2019-02-14 07:28:56.332000+08:00,,10,Utopic Unicorn
2019-02-14 07:28:56.336999936+08:00,,10,Utopic Unicorn
2019-02-14 07:28:56.342000128+08:00,,10,Utopic Unicorn
2019-02-14 07:28:56.348999936+08:00,,10,Utopic Unicorn
2019-02-14 07:28:56.356000+08:00,,9,Utopic Unicorn
2019-02-14 07:28:56.368999936+08:00,,11,Utopic Unicorn
2019-02-14 07:29:02.720000+08:00,,10,Utopic Unicorn
2019-02-14 07:29:02.726000128+08:00,,10,Utopic Unicorn
2019-02-14 07:29:02.732000+08:00,,10,Utopic Unicorn
2019-02-14 07:29:02.747000064+08:00,,10,Utopic Unicorn
2019-02-14 07:29:02.756999936+08:00,,11,Utopic Unicorn
2019-02-14 07:29:02.762000128+08:00,,11,Utopic Unicorn
2019-02-14 07:29:02.768999936+08:00,,10,Utopic Unicorn
2019-02-14 07:29:02.770999808+08:00,,10,Utopic Unicorn
2019-02-14 09:44:26.658999808+08:00,,10,Utopic Unicorn
2019-02-14 11:16:57.118000128+08:00,,10,Utopic Unicorn
2019-02-15 13:18:29.891000064+08:00,,10,Utopic Unicorn
2019-02-15 13:18:30.092000+08:00,,10,Utopic Unicorn
2019-02-15 13:18:30.505000192+08:00,,10,Utopic Unicorn
2019-02-15 13:18:30.508999936+08:00,,10,Utopic Unicorn
2019-02-15 13:18:30.710000128+08:00,,10,Utopic Unicorn
2019-02-15 13:18:30.796000+08:00,,11,Utopic Unicorn
2019-02-15 13:18:35.508999936+08:00,,9,Utopic Unicorn
2019-02-15 13:18:35.556999936+08:00,,10,Utopic Unicorn
2019-02-15 13:18:35.733999872+08:00,,10,Utopic Unicorn
2019-02-15 13:18:35.765000192+08:00,,10,Utopic Unicorn
2019-02-15 13:18:35.776000+08:00,,11,Utopic Unicorn
2019-02-15 13:20:05.142999808+08:00,,10,Utopic Unicorn
2019-02-15 15:18:22.933000192+08:00,,9,Utopic Unicorn
2019-02-15 17:18:25.680999936+08:00,,9,Utopic Unicorn
2019-02-17 16:10:15.578000128+08:00,,11,Utopic Unicorn
2019-02-17 16:10:15.784000+08:00,,9,Utopic Unicorn
2019-02-17 16:10:16.828999936+08:00,,9,Utopic Unicorn
2019-02-17 16:10:16.980999936+08:00,,10,Utopic Unicorn
2019-02-17 16:10:17.015000064+08:00,,10,Utopic Unicorn
2019-02-17 16:10:17.036000+08:00,,10,Utopic Unicorn
2019-02-17 16:10:22.256999936+08:00,,10,Utopic Unicorn
2019-02-17 16:10:22.262000128+08:00,,10,Utopic Unicorn
2019-02-17 16:10:22.266000128+08:00,,9,Utopic Unicorn
2019-02-17 16:10:22.269999872+08:00,,9,Utopic Unicorn
2019-02-17 16:10:22.273999872+08:00,,11,Utopic Unicorn
2019-02-17 16:10:22.282000128+08:00,,9,Utopic Unicorn
2019-02-17 16:10:22.287000064+08:00,,9,Utopic Unicorn
2019-02-17 16:10:22.288999936+08:00,,9,Utopic Unicorn
2019-02-17 17:09:46.721999872+08:00,,11,Utopic Unicorn
2019-03-21 15:29:26.352999936+08:00,106.0,10,Utopic Unicorn
2019-03-21 15:49:56.967000064+08:00,92.0,10,Utopic Unicorn
2019-03-21 15:52:11.342000128+08:00,92.0,10,Utopic Unicorn
2019-03-22 08:03:04.209000192+08:00,92.0,10,Utopic Unicorn
2019-03-22 09:07:14.156000+08:00,90.0,11,Utopic Unicorn
2019-03-22 09:12:21.100000+08:00,104.0,10,Utopic Unicorn
2019-03-22 09:41:23.703000064+08:00,82.0,11,Utopic Unicorn
2019-03-22 09:41:30.727000064+08:00,83.0,10,Utopic Unicorn
2019-03-22 11:01:24.246000128+08:00,88.0,10,Utopic Unicorn
2019-03-22 12:25:10.752999936+08:00,81.0,10,Utopic Unicorn
2019-03-22 13:01:25.381999872+08:00,76.0,10,Utopic Unicorn
2019-03-25 13:25:46.737999872+08:00,95.0,11,Utopic Unicorn
2019-03-25 14:10:25.375000064+08:00,101.0,11,Utopic Unicorn
2019-03-26 09:03:34.224999936+08:00,86.0,10,Utopic Unicorn
2019-03-26 13:03:35.748000+08:00,82.0,10,Utopic Unicorn
2019-03-26 15:03:35.750999808+08:00,92.0,10,Utopic Unicorn
2019-03-26 17:03:34.322000128+08:00,79.0,10,Utopic Unicorn
2019-03-27 09:03:36.226000128+08:00,70.0,10,Utopic Unicorn
2019-03-27 11:03:35.118000128+08:00,123.0,10,Utopic Unicorn
2019-03-27 12:11:07.354000128+08:00,86.0,11,Utopic Unicorn
2019-03-27 13:03:36.500999936+08:00,118.0,11,Utopic Unicorn
2019-03-27 15:03:37.596000+08:00,114.0,11,Utopic Unicorn
2019-03-27 15:21:15.947000064+08:00,91.0,10,Utopic Unicorn
2019-03-27 15:24:39.391000064+08:00,88.0,10,Utopic Unicorn
2019-03-27 17:03:36.932000+08:00,74.0,10,Utopic Unicorn
2019-03-27 19:33:50.930000128+08:00,86.0,9,Utopic Unicorn
2019-03-28 09:03:38.415000064+08:00,93.0,10,Utopic Unicorn
2019-03-28 13:27:35.416999936+08:00,114.0,10,Utopic Unicorn
2019-03-28 14:38:26.216000+08:00,92.0,10,Utopic Unicorn
2019-03-28 15:03:38.527000064+08:00,99.0,10,Utopic Unicorn
2019-03-28 17:03:39.280999936+08:00,86.0,10,Utopic Unicorn
2019-03-29 09:03:48.548999936+08:00,97.0,10,Utopic Unicorn
2019-03-29 11:02:26.963000064+08:00,77.0,11,Utopic Unicorn
2019-03-29 13:02:28.967000064+08:00,74.0,10,Utopic Unicorn
2019-03-29 15:02:27.865999872+08:00,92.0,10,Utopic Unicorn
2019-03-29 15:48:35.456000+08:00,78.0,10,Utopic Unicorn
2019-03-29 17:22:09.104000+08:00,115.0,11,Utopic Unicorn
2019-03-29 22:48:16.025000192+08:00,72.0,11,Utopic Unicorn
2019-03-30 09:41:54.846999808+08:00,61.0,9,Utopic Unicorn
2019-03-30 11:04:15.316000+08:00,71.0,10,Utopic Unicorn
2019-03-30 13:04:11.555000064+08:00,71.0,10,Utopic Unicorn
2019-03-30 15:04:17.309999872+08:00,85.0,10,Utopic Unicorn
2019-03-30 17:04:15.168000+08:00,128.0,11,Utopic Unicorn
2019-03-31 09:33:38.846999808+08:00,81.0,10,Utopic Unicorn
2019-03-31 11:04:13.706000128+08:00,78.0,10,Utopic Unicorn
2019-03-31 14:35:58.799000064+08:00,77.0,10,Utopic Unicorn
2019-03-31 15:04:14.378000128+08:00,78.0,10,Utopic Unicorn
2019-03-31 17:04:13.500999936+08:00,79.0,10,Utopic Unicorn
2019-04-01 09:04:15.243000064+08:00,81.0,10,Utopic Unicorn
2019-04-01 11:04:19.131000064+08:00,76.0,10,Utopic Unicorn
2019-04-01 13:04:28.680999936+08:00,80.0,10,Utopic Unicorn
2019-04-01 15:04:17.260999936+08:00,91.0,10,Utopic Unicorn
2019-04-01 17:04:14.453000192+08:00,80.0,10,Utopic Unicorn
2019-04-02 09:04:19.877000192+08:00,84.0,10,Utopic Unicorn
2019-04-02 11:04:17.144000+08:00,75.0,10,Utopic Unicorn
2019-04-02 13:04:18.984999936+08:00,83.0,10,Utopic Unicorn
2019-04-02 13:44:29.461999872+08:00,87.0,10,Utopic Unicorn
2019-04-02 15:18:20.180000+08:00,71.0,9,Utopic Unicorn
2019-04-02 17:37:41.974999808+08:00,99.0,11,Utopic Unicorn
2019-04-03 09:13:46.380999936+08:00,64.0,10,Utopic Unicorn
2019-04-03 11:13:48.583000064+08:00,70.0,10,Utopic Unicorn
2019-04-03 13:13:46.568999936+08:00,89.0,11,Utopic Unicorn
2019-04-03 14:59:37.428000+08:00,111.0,11,Utopic Unicorn
2019-04-03 15:13:48.704999936+08:00,81.0,11,Utopic Unicorn
2019-04-03 17:13:48.983000064+08:00,79.0,10,Utopic Unicorn
2019-04-03 18:18:20.496000+08:00,81.0,10,Utopic Unicorn
2019-04-04 09:13:49.352999936+08:00,78.0,10,Utopic Unicorn
2019-04-04 11:13:52.589999872+08:00,78.0,11,Utopic Unicorn
2019-04-04 13:13:48.576000+08:00,73.0,10,Utopic Unicorn
2019-04-04 15:13:49.884999936+08:00,73.0,10,Utopic Unicorn
2019-04-04 16:04:13.500000+08:00,77.0,10,Utopic Unicorn
2019-04-04 17:13:52.466000128+08:00,75.0,11,Utopic Unicorn
2019-04-05 09:14:59.268000+08:00,77.0,10,Utopic Unicorn
2019-04-05 11:15:01.164000+08:00,63.0,10,Utopic Unicorn
2019-04-05 13:14:59.371000064+08:00,80.0,9,Utopic Unicorn
2019-04-05 13:28:59.644999936+08:00,81.0,10,Utopic Unicorn
2019-04-05 14:06:39.917999872+08:00,74.0,10,Utopic Unicorn
2019-04-05 14:08:25.957999872+08:00,79.0,10,Utopic Unicorn
2019-04-05 15:28:18.136000+08:00,77.0,11,Utopic Unicorn
2019-04-05 16:51:55.312999936+08:00,99.0,11,Utopic Unicorn
2019-04-05 17:15:00.940999936+08:00,62.0,9,Utopic Unicorn
2019-04-05 18:18:31.976000+08:00,97.0,10,Utopic Unicorn
2019-04-06 09:23:18.924000+08:00,67.0,9,Utopic Unicorn
2019-04-06 12:07:59.890000128+08:00,71.0,10,Utopic Unicorn
2019-04-06 12:13:17.117000192+08:00,75.0,9,Utopic Unicorn
2019-04-06 13:15:04.795000064+08:00,83.0,9,Utopic Unicorn
2019-04-06 16:46:02.064000+08:00,90.0,9,Utopic Unicorn
2019-04-06 17:15:00.400999936+08:00,85.0,9,Utopic Unicorn
2019-04-07 09:15:05.684999936+08:00,50.0,10,Utopic Unicorn
2019-04-07 15:36:13.134000128+08:00,53.0,11,Utopic Unicorn
2019-04-07 17:15:06.601000192+08:00,137.0,11,Utopic Unicorn
2019-04-08 09:15:02.362999808+08:00,98.0,10,Utopic Unicorn
2019-04-08 11:15:49.538000128+08:00,89.0,10,Utopic Unicorn
2019-04-09 09:14:48.270999808+08:00,77.0,11,Utopic Unicorn
2019-04-09 11:15:09.212000+08:00,75.0,10,Utopic Unicorn
2019-04-09 13:14:54.724000+08:00,63.0,10,Utopic Unicorn
2019-04-09 14:09:48.217999872+08:00,83.0,10,Utopic Unicorn
2019-04-09 14:18:33.640000+08:00,70.0,10,Utopic Unicorn
2019-04-09 15:43:26.100000+08:00,92.0,10,Utopic Unicorn
2019-04-09 17:15:59.120000+08:00,67.0,10,Utopic Unicorn
2019-04-10 09:14:43.684000+08:00,77.0,9,Utopic Unicorn
2019-04-10 11:14:39.712000+08:00,85.0,11,Utopic Unicorn
2019-04-10 13:14:40.591000064+08:00,100.0,10,Utopic Unicorn
2019-04-10 15:14:39.773999872+08:00,77.0,10,Utopic Unicorn
2019-04-10 17:14:40.272000+08:00,91.0,10,Utopic Unicorn
2019-04-11 09:14:41.125999872+08:00,80.0,10,Utopic Unicorn
2019-04-11 11:14:41.120999936+08:00,85.0,10,Utopic Unicorn
2019-04-11 13:14:41.736999936+08:00,83.0,10,Utopic Unicorn
2019-04-12 09:14:43.964000+08:00,69.0,10,Utopic Unicorn
2019-04-13 09:14:49.130000128+08:00,115.0,10,Utopic Unicorn
2019-04-13 11:15:12.420999936+08:00,77.0,11,Utopic Unicorn
2019-04-13 13:14:44.840000+08:00,67.0,9,Utopic Unicorn
2019-04-13 15:14:45.564000+08:00,80.0,11,Utopic Unicorn
2019-04-13 17:28:08.753999872+08:00,122.0,11,Utopic Unicorn
2019-04-14 09:14:46.488000+08:00,86.0,10,Utopic Unicorn
2019-04-14 11:14:45.480000+08:00,98.0,11,Utopic Unicorn
2019-04-14 13:14:47.876000+08:00,84.0,10,Utopic Unicorn
2019-04-14 15:14:45.904999936+08:00,127.0,11,Utopic Unicorn
2019-04-14 17:14:46.602999808+08:00,86.0,10,Utopic Unicorn
2019-04-15 09:14:49.256000+08:00,104.0,11,Utopic Unicorn
2019-04-15 11:14:49.897000192+08:00,66.0,10,Utopic Unicorn
2019-04-15 13:51:36.480000+08:00,105.0,10,Utopic Unicorn
2019-04-15 15:03:19.744999936+08:00,75.0,10,Utopic Unicorn
2019-04-15 17:03:22.795000064+08:00,113.0,11,Utopic Unicorn
2019-04-16 09:03:18.140000+08:00,83.0,10,Utopic Unicorn
2019-04-16 11:03:15.299000064+08:00,82.0,10,Utopic Unicorn
2019-04-16 13:03:28.139000064+08:00,84.0,9,Utopic Unicorn
2019-04-16 15:03:27.316000+08:00,86.0,10,Utopic Unicorn
2019-04-16 15:48:14.641999872+08:00,84.0,10,Utopic Unicorn
2019-04-16 16:17:49.700999936+08:00,73.0,11,Utopic Unicorn
2019-04-16 16:33:24.170000128+08:00,71.0,11,Utopic Unicorn
2019-04-16 17:03:15.632000+08:00,77.0,10,Utopic Unicorn
2019-04-17 09:06:35.612000+08:00,83.0,10,Utopic Unicorn
2019-04-17 11:59:11.707000064+08:00,125.0,11,Utopic Unicorn
2019-04-17 13:03:20.821000192+08:00,86.0,10,Utopic Unicorn
2019-04-17 15:03:18.656000+08:00,76.0,10,Utopic Unicorn
2019-04-17 17:47:50.286000128+08:00,82.0,10,Utopic Unicorn
2019-04-17 17:47:51.816000+08:00,82.0,10,Utopic Unicorn
2019-04-18 09:14:34.418999808+08:00,83.0,10,Utopic Unicorn
2019-04-18 11:14:35.848999936+08:00,108.0,10,Utopic Unicorn
2019-04-18 13:21:51.520000+08:00,113.0,10,Utopic Unicorn
2019-04-18 15:14:34.891000064+08:00,69.0,10,Utopic Unicorn
2019-04-18 17:14:35.289999872+08:00,101.0,10,Utopic Unicorn
2019-04-19 09:14:34.846999808+08:00,61.0,10,Utopic Unicorn
2019-04-19 11:59:17.239000064+08:00,85.0,10,Utopic Unicorn
2019-04-19 13:14:35.132000+08:00,89.0,10,Utopic Unicorn
2019-04-19 15:14:37.328000+08:00,77.0,11,Utopic Unicorn
2019-04-19 17:14:42.920999936+08:00,72.0,9,Utopic Unicorn
2019-04-19 19:09:42.752999936+08:00,85.0,10,Utopic Unicorn
2019-04-20 09:14:38.144000+08:00,73.0,10,Utopic Unicorn
2019-04-20 11:14:37.364999936+08:00,75.0,10,Utopic Unicorn
2019-04-20 13:14:37.375000064+08:00,58.0,10,Utopic Unicorn
2019-04-20 14:12:32.665999872+08:00,81.0,10,Utopic Unicorn
2019-04-20 15:14:37.572000+08:00,77.0,11,Utopic Unicorn
2019-04-20 19:37:41.832999936+08:00,86.0,10,Utopic Unicorn
2019-04-21 09:46:41.344000+08:00,66.0,10,Utopic Unicorn
2019-04-21 11:14:44.217999872+08:00,68.0,10,Utopic Unicorn
2019-01-18 08:08:39.221999872+08:00,,10,Vivid Vervet
2019-01-22 21:52:46.504000+08:00,,9,Vivid Vervet
2019-01-22 21:52:46.628000+08:00,,10,Vivid Vervet
2019-01-22 21:52:46.632999936+08:00,,10,Vivid Vervet
2019-01-22 21:52:48.002000128+08:00,,10,Vivid Vervet
2019-01-22 21:52:48.008999936+08:00,,10,Vivid Vervet
2019-01-22 21:52:48.250999808+08:00,,10,Vivid Vervet
2019-01-22 21:52:48.272999936+08:00,,10,Vivid Vervet
2019-01-22 23:12:20.428999936+08:00,,10,Vivid Vervet
2019-01-26 13:18:00.111000064+08:00,,10,Vivid Vervet
2019-01-26 13:18:00.328999936+08:00,,11,Vivid Vervet
2019-01-26 13:18:00.435000064+08:00,,9,Vivid Vervet
2019-01-26 13:18:01.872999936+08:00,,10,Vivid Vervet
2019-01-26 17:29:18.595000064+08:00,,10,Vivid Vervet
2019-01-29 08:13:30.472000+08:00,,10,Vivid Vervet
2019-01-29 08:13:30.654000128+08:00,,10,Vivid Vervet
2019-01-29 08:13:32.043000064+08:00,,10,Vivid Vervet
2019-01-29 15:19:01.936999936+08:00,,10,Vivid Vervet
2019-01-29 15:19:19.250999808+08:00,,10,Vivid Vervet
2019-01-29 17:07:19.404000+08:00,,10,Vivid Vervet
2019-01-29 19:21:05.359000064+08:00,,10,Vivid Vervet
2019-01-29 21:06:12.811000064+08:00,,10,Vivid Vervet
2019-01-30 00:41:22.568999936+08:00,,10,Vivid Vervet
2019-01-31 10:41:46.000999936+08:00,,10,Vivid Vervet
2019-01-31 10:41:46.172000+08:00,,10,Vivid Vervet
2019-01-31 10:41:46.214999808+08:00,,10,Vivid Vervet
2019-01-31 10:41:46.217999872+08:00,,10,Vivid Vervet
2019-01-31 10:41:47.749000192+08:00,,11,Vivid Vervet
2019-01-31 10:41:47.752000+08:00,,10,Vivid Vervet
2019-01-31 10:41:47.767000064+08:00,,10,Vivid Vervet
2019-01-31 10:41:47.813999872+08:00,,10,Vivid Vervet
2019-01-31 10:41:47.821000192+08:00,,10,Vivid Vervet
2019-01-31 15:00:15.697999872+08:00,,10,Vivid Vervet
2019-01-31 17:12:11.602999808+08:00,,10,Vivid Vervet
2019-02-01 00:21:46.141999872+08:00,,10,Vivid Vervet
2019-02-01 01:42:21.941999872+08:00,,10,Vivid Vervet
2019-02-08 17:50:37.714999808+08:00,,10,Vivid Vervet
2019-02-08 17:50:37.931000064+08:00,,10,Vivid Vervet
2019-02-08 17:50:37.936999936+08:00,,10,Vivid Vervet
2019-02-08 17:50:39.064000+08:00,,10,Vivid Vervet
2019-02-09 15:16:51.776999936+08:00,,10,Vivid Vervet
2019-02-11 11:02:40.059000064+08:00,,10,Vivid Vervet
2019-02-16 08:52:56.244000+08:00,,11,Vivid Vervet
2019-02-16 08:52:56.301000192+08:00,,10,Vivid Vervet
2019-02-16 08:52:56.306999808+08:00,,10,Vivid Vervet
2019-02-16 08:52:57.736000+08:00,,10,Vivid Vervet
2019-02-16 08:52:57.742000128+08:00,,10,Vivid Vervet
2019-02-16 08:52:57.746000128+08:00,,10,Vivid Vervet
2019-02-16 08:52:57.802000128+08:00,,10,Vivid Vervet
2019-02-16 08:53:02.644999936+08:00,,10,Vivid Vervet
2019-02-16 08:53:02.648999936+08:00,,10,Vivid Vervet
2019-02-16 08:53:02.653000192+08:00,,10,Vivid Vervet
2019-02-16 08:53:02.656000+08:00,,10,Vivid Vervet
2019-02-16 08:53:02.663000064+08:00,,11,Vivid Vervet
2019-02-16 08:53:02.675000064+08:00,,10,Vivid Vervet
2019-02-16 08:53:02.680999936+08:00,,10,Vivid Vervet
2019-02-16 08:53:02.683000064+08:00,,10,Vivid Vervet
2019-02-16 08:53:02.691000064+08:00,,10,Vivid Vervet
2019-02-16 08:53:02.698999808+08:00,,10,Vivid Vervet
2019-02-16 08:53:02.704999936+08:00,,10,Vivid Vervet
2019-02-16 08:53:02.707000064+08:00,,10,Vivid Vervet
2019-02-16 08:53:02.712000+08:00,,10,Vivid Vervet
2019-02-16 08:53:02.714999808+08:00,,10,Vivid Vervet
2019-02-16 08:53:02.720000+08:00,,10,Vivid Vervet
2019-02-16 08:53:02.724000+08:00,,10,Vivid Vervet
2019-02-16 08:53:02.727000064+08:00,,10,Vivid Vervet
2019-02-16 08:53:02.731000064+08:00,,10,Vivid Vervet
2019-02-16 08:53:09.119000064+08:00,,10,Vivid Vervet
2019-02-16 08:53:09.125999872+08:00,,10,Vivid Vervet
2019-02-16 08:53:09.134000128+08:00,,10,Vivid Vervet
2019-02-16 08:53:09.136000+08:00,,10,Vivid Vervet
2019-02-16 08:53:09.144999936+08:00,,10,Vivid Vervet
2019-02-16 08:53:09.147000064+08:00,,11,Vivid Vervet
2019-02-16 08:53:09.153000192+08:00,,10,Vivid Vervet
2019-02-16 08:53:09.155000064+08:00,,11,Vivid Vervet
2019-02-16 08:53:09.163000064+08:00,,10,Vivid Vervet
2019-02-16 08:53:09.167000064+08:00,,10,Vivid Vervet
2019-02-16 08:53:09.170000128+08:00,,10,Vivid Vervet
2019-02-16 08:53:09.175000064+08:00,,10,Vivid Vervet
2019-02-16 08:53:09.177999872+08:00,,10,Vivid Vervet
2019-02-16 08:53:09.184999936+08:00,,10,Vivid Vervet
2019-02-16 08:53:09.206000128+08:00,,10,Vivid Vervet
2019-02-16 08:53:09.208000+08:00,,10,Vivid Vervet
2019-02-16 08:53:09.224000+08:00,,10,Vivid Vervet
2019-02-16 08:53:09.244999936+08:00,,10,Vivid Vervet
2019-02-16 08:53:09.253999872+08:00,,10,Vivid Vervet
2019-02-16 08:53:09.256999936+08:00,,10,Vivid Vervet
2019-02-16 08:53:09.260999936+08:00,,10,Vivid Vervet
2019-02-16 08:53:15.607000064+08:00,,11,Vivid Vervet
2019-02-16 08:53:15.672000+08:00,,11,Vivid Vervet
2019-02-16 08:53:15.676999936+08:00,,11,Vivid Vervet
2019-02-16 08:53:15.680000+08:00,,11,Vivid Vervet
2019-02-16 08:53:15.683000064+08:00,,10,Vivid Vervet
2019-02-16 08:53:15.701999872+08:00,,10,Vivid Vervet
2019-02-16 08:53:15.706000128+08:00,,10,Vivid Vervet
2019-02-16 08:53:15.709000192+08:00,,10,Vivid Vervet
2019-03-20 19:33:00.053999872+08:00,65.0,10,Vivid Vervet
2019-03-20 19:34:51.987000064+08:00,72.0,11,Vivid Vervet
2019-03-20 19:40:36.414000128+08:00,71.0,11,Vivid Vervet
2019-03-20 19:46:50.296000+08:00,73.0,9,Vivid Vervet
2019-03-20 19:48:19.710000128+08:00,69.0,11,Vivid Vervet
2019-03-20 19:48:50.813999872+08:00,69.0,9,Vivid Vervet
2019-03-20 20:15:24.573999872+08:00,70.0,10,Vivid Vervet
2019-03-20 20:25:46.635000064+08:00,79.0,9,Vivid Vervet
2019-03-20 20:40:05.776000+08:00,111.0,10,Vivid Vervet
2019-03-20 20:41:46.361999872+08:00,110.0,11,Vivid Vervet
2019-03-21 08:10:18.396000+08:00,60.0,10,Vivid Vervet
2019-03-21 09:12:11.516000+08:00,75.0,10,Vivid Vervet
2019-03-21 11:01:03.138000128+08:00,70.0,9,Vivid Vervet
2019-03-21 11:16:11.658999808+08:00,79.0,10,Vivid Vervet
2019-03-21 11:21:33.237999872+08:00,74.0,10,Vivid Vervet
2019-03-21 12:35:32.339000064+08:00,69.0,10,Vivid Vervet
2019-03-21 13:00:46.400000+08:00,86.0,11,Vivid Vervet
2019-03-21 13:01:19.405999872+08:00,84.0,11,Vivid Vervet
2019-03-21 13:33:37.835000064+08:00,80.0,11,Vivid Vervet
2019-03-21 13:38:35.280999936+08:00,87.0,10,Vivid Vervet
2019-03-21 17:51:35.394000128+08:00,73.0,10,Vivid Vervet
2019-03-22 07:35:34.128000+08:00,74.0,9,Vivid Vervet
2019-03-22 11:14:08.056000+08:00,66.0,9,Vivid Vervet
2019-03-22 11:17:42.362999808+08:00,78.0,10,Vivid Vervet
2019-03-22 11:25:31.107000064+08:00,84.0,10,Vivid Vervet
2019-03-22 11:57:53.828999936+08:00,86.0,11,Vivid Vervet
2019-03-22 13:23:28.802000128+08:00,70.0,10,Vivid Vervet
2019-03-22 14:04:39.344999936+08:00,94.0,10,Vivid Vervet
2019-03-22 15:03:27.128999936+08:00,94.0,11,Vivid Vervet
2019-03-22 15:58:28.119000064+08:00,92.0,11,Vivid Vervet
2019-03-22 18:45:28.116000+08:00,92.0,10,Vivid Vervet
2019-03-23 00:06:31.237999872+08:00,89.0,9,Vivid Vervet
2019-03-23 09:14:21.430000128+08:00,56.0,10,Vivid Vervet
2019-03-23 15:54:39.181999872+08:00,57.0,11,Vivid Vervet
2019-03-23 15:54:42.161999872+08:00,57.0,10,Vivid Vervet
2019-03-31 14:15:21.840000+08:00,93.0,10,Vivid Vervet
2019-03-31 14:15:40.888999936+08:00,93.0,10,Vivid Vervet
2019-03-31 17:16:53.155000064+08:00,93.0,10,Vivid Vervet
2019-04-01 09:30:50.826999808+08:00,93.0,10,Vivid Vervet
2019-04-01 11:57:08.476000+08:00,83.0,9,Vivid Vervet
2019-04-01 13:17:12.573999872+08:00,76.0,10,Vivid Vervet
2019-04-01 17:19:46.775000064+08:00,66.0,10,Vivid Vervet
2019-04-01 17:33:28.564999936+08:00,67.0,10,Vivid Vervet
2019-04-01 17:37:23.253999872+08:00,73.0,10,Vivid Vervet
2019-04-01 17:48:27.332999936+08:00,65.0,9,Vivid Vervet
2019-04-02 09:15:33.200000+08:00,79.0,10,Vivid Vervet
2019-04-02 13:15:27.589999872+08:00,81.0,10,Vivid Vervet
2019-04-02 13:52:34.700000+08:00,85.0,10,Vivid Vervet
2019-04-02 15:15:24.736000+08:00,79.0,10,Vivid Vervet
2019-04-02 17:15:27.858000128+08:00,89.0,10,Vivid Vervet
2019-04-02 17:54:54.684999936+08:00,94.0,10,Vivid Vervet
2019-04-03 10:58:38.652000+08:00,103.0,10,Vivid Vervet
2019-04-03 11:01:48.371000064+08:00,90.0,10,Vivid Vervet
2019-04-03 13:23:13.868999936+08:00,98.0,10,Vivid Vervet
2019-04-03 13:53:01.508000+08:00,90.0,11,Vivid Vervet
2019-04-03 13:54:23.564999936+08:00,90.0,10,Vivid Vervet
2019-04-03 14:12:55.236999936+08:00,70.0,10,Vivid Vervet
2019-04-03 14:18:20.506000128+08:00,74.0,10,Vivid Vervet
2019-04-03 14:59:30.316000+08:00,79.0,10,Vivid Vervet
2019-04-03 15:02:29.284000+08:00,88.0,10,Vivid Vervet
2019-04-03 15:16:42.203000064+08:00,74.0,10,Vivid Vervet
2019-04-03 17:16:41.829999872+08:00,68.0,10,Vivid Vervet
2019-04-04 00:23:57.456999936+08:00,70.0,10,Vivid Vervet
2019-04-04 09:17:07.368999936+08:00,71.0,10,Vivid Vervet
2019-04-04 12:42:20.747000064+08:00,70.0,10,Vivid Vervet
2019-04-04 13:11:40.882999808+08:00,90.0,10,Vivid Vervet
2019-04-04 15:00:58.841000192+08:00,74.0,10,Vivid Vervet
2019-04-04 15:11:17.263000064+08:00,105.0,10,Vivid Vervet
2019-04-04 17:11:16.824999936+08:00,65.0,10,Vivid Vervet
2019-04-04 19:02:01.387000064+08:00,108.0,10,Vivid Vervet
2019-04-05 09:21:39.482000128+08:00,78.0,10,Vivid Vervet
2019-04-05 11:08:16.437999872+08:00,84.0,10,Vivid Vervet
2019-04-05 13:08:19.232000+08:00,96.0,10,Vivid Vervet
2019-04-05 15:09:19.427000064+08:00,76.0,10,Vivid Vervet
2019-04-05 16:52:54.701999872+08:00,90.0,10,Vivid Vervet
2019-04-05 17:08:20.379000064+08:00,59.0,10,Vivid Vervet
2019-04-05 19:15:41.756999936+08:00,74.0,10,Vivid Vervet
2019-04-05 19:25:41.354000128+08:00,68.0,10,Vivid Vervet
2019-04-06 15:19:28.726000128+08:00,85.0,10,Vivid Vervet
2019-04-07 02:38:06.549999872+08:00,95.0,11,Vivid Vervet
2019-04-08 15:16:53.645999872+08:00,74.0,10,Vivid Vervet
2019-04-08 17:10:31.488000+08:00,75.0,10,Vivid Vervet
2019-04-09 09:14:19.491000064+08:00,91.0,11,Vivid Vervet
2019-04-09 10:35:36.583000064+08:00,73.0,11,Vivid Vervet
2019-04-09 11:03:03.880999936+08:00,72.0,10,Vivid Vervet
2019-04-09 13:03:01.836999936+08:00,76.0,10,Vivid Vervet
2019-04-09 13:26:49.628999936+08:00,81.0,10,Vivid Vervet
2019-04-09 14:00:06.471000064+08:00,83.0,11,Vivid Vervet
2019-04-09 15:03:01.232999936+08:00,65.0,10,Vivid Vervet
2019-04-09 15:44:45.663000064+08:00,70.0,9,Vivid Vervet
2019-04-10 11:07:17.579000064+08:00,69.0,10,Vivid Vervet
2019-04-10 11:26:49.973999872+08:00,69.0,10,Vivid Vervet
2019-04-10 13:06:46.762000128+08:00,84.0,10,Vivid Vervet
2019-04-10 14:43:57.122999808+08:00,69.0,10,Vivid Vervet
2019-04-10 14:59:45.139000064+08:00,70.0,11,Vivid Vervet
2019-04-10 15:06:46.114000128+08:00,72.0,10,Vivid Vervet
2019-04-10 16:05:04.469000192+08:00,74.0,10,Vivid Vervet
2019-04-10 17:06:46.888000+08:00,103.0,11,Vivid Vervet
2019-04-11 09:59:06.213999872+08:00,101.0,10,Vivid Vervet
2019-04-11 11:06:46.980000+08:00,83.0,9,Vivid Vervet
2019-04-11 12:43:52.984000+08:00,80.0,10,Vivid Vervet
2019-04-11 13:00:56.616000+08:00,78.0,10,Vivid Vervet
2019-04-11 13:30:20.266000128+08:00,69.0,9,Vivid Vervet
2019-04-11 15:10:20.768000+08:00,91.0,10,Vivid Vervet
2019-04-11 17:10:18.917999872+08:00,64.0,10,Vivid Vervet
2019-04-12 09:10:39.371000064+08:00,91.0,11,Vivid Vervet
2019-04-12 09:25:01.464000+08:00,91.0,10,Vivid Vervet
2019-04-12 11:10:20.663000064+08:00,67.0,10,Vivid Vervet
2019-04-12 13:10:25.800000+08:00,81.0,11,Vivid Vervet
2019-04-12 15:10:22.131000064+08:00,67.0,10,Vivid Vervet
2019-04-12 18:44:24.872000+08:00,80.0,11,Vivid Vervet
2019-04-12 23:08:52.796999936+08:00,91.0,10,Vivid Vervet
2019-04-15 15:23:20.579000064+08:00,70.0,10,Vivid Vervet
2019-04-15 15:43:21.491000064+08:00,68.0,10,Vivid Vervet
2019-04-15 17:03:24.522000128+08:00,76.0,10,Vivid Vervet
2019-04-15 18:23:36.075000064+08:00,73.0,10,Vivid Vervet
2019-04-15 19:00:12.628000+08:00,73.0,10,Vivid Vervet
2019-04-15 21:52:15.176000+08:00,67.0,10,Vivid Vervet
2019-04-15 22:47:37.477999872+08:00,64.0,9,Vivid Vervet
2019-04-16 09:57:24.688000+08:00,124.0,10,Vivid Vervet
2019-04-16 10:12:50.417999872+08:00,74.0,11,Vivid Vervet
2019-04-16 11:03:24.523000064+08:00,66.0,10,Vivid Vervet
2019-04-16 13:03:23.500999936+08:00,58.0,11,Vivid Vervet
2019-04-16 13:56:31.864999936+08:00,81.0,11,Vivid Vervet
2019-04-16 15:16:42.161999872+08:00,69.0,10,Vivid Vervet
2019-04-16 16:52:05.676000+08:00,73.0,9,Vivid Vervet
2019-04-16 17:16:31.423000064+08:00,70.0,10,Vivid Vervet
2019-04-16 17:22:06.769999872+08:00,104.0,10,Vivid Vervet
2019-04-17 09:16:38.204000+08:00,75.0,10,Vivid Vervet
2019-04-17 16:24:51.142999808+08:00,67.0,10,Vivid Vervet
2019-01-19 11:35:39.533999872+08:00,,10,Wily Werewolf
2019-01-19 11:35:39.539000064+08:00,,10,Wily Werewolf
2019-01-19 11:35:39.546000128+08:00,,11,Wily Werewolf
2019-01-19 11:35:42.163000064+08:00,,9,Wily Werewolf
2019-01-19 11:35:42.167000064+08:00,,9,Wily Werewolf
2019-01-19 11:35:42.177999872+08:00,,10,Wily Werewolf
2019-01-19 11:35:42.184999936+08:00,,9,Wily Werewolf
2019-01-19 11:35:42.188000+08:00,,9,Wily Werewolf
2019-01-19 11:35:42.192000+08:00,,11,Wily Werewolf
2019-01-19 11:35:42.198999808+08:00,,11,Wily Werewolf
2019-01-19 11:35:42.203000064+08:00,,10,Wily Werewolf
2019-01-19 11:36:28.724000+08:00,,11,Wily Werewolf
2019-01-19 11:37:10.897000192+08:00,,9,Wily Werewolf
2019-01-21 10:31:30.628999936+08:00,,11,Wily Werewolf
2019-01-21 10:31:30.635000064+08:00,,10,Wily Werewolf
2019-03-12 13:50:06.648999936+08:00,78.0,11,Wily Werewolf
2019-03-13 05:55:26.197999872+08:00,102.0,9,Wily Werewolf
2019-03-13 09:10:23.331000064+08:00,70.0,10,Wily Werewolf
2019-03-13 11:10:24.876000+08:00,56.0,9,Wily Werewolf
2019-03-13 13:10:23.111000064+08:00,86.0,10,Wily Werewolf
2019-03-18 11:04:20.517999872+08:00,66.0,10,Wily Werewolf
2019-03-18 13:33:00.486000128+08:00,81.0,10,Wily Werewolf
2019-03-18 13:33:05.230000128+08:00,81.0,11,Wily Werewolf
2019-03-19 09:01:03.632000+08:00,63.0,10,Wily Werewolf
2019-03-19 09:01:07.905999872+08:00,63.0,9,Wily Werewolf
2019-03-19 11:01:03.720000+08:00,71.0,10,Wily Werewolf
2019-03-19 13:01:09.504000+08:00,97.0,11,Wily Werewolf
2019-03-19 17:16:36.128999936+08:00,100.0,11,Wily Werewolf
2019-03-20 09:06:42.391000064+08:00,57.0,9,Wily Werewolf
2019-03-20 12:08:16.114000128+08:00,119.0,10,Wily Werewolf
2019-03-20 13:17:07.293999872+08:00,73.0,10,Wily Werewolf
2019-03-20 13:29:52.594000128+08:00,69.0,9,Wily Werewolf
2019-03-20 15:17:10.436999936+08:00,75.0,11,Wily Werewolf
2019-03-20 15:50:05.696000+08:00,66.0,10,Wily Werewolf
2019-03-20 17:17:06.676999936+08:00,58.0,9,Wily Werewolf
2019-03-21 08:39:43.488000+08:00,111.0,11,Wily Werewolf
2019-03-21 09:17:45.823000064+08:00,76.0,9,Wily Werewolf
2019-03-21 11:17:49.108999936+08:00,75.0,11,Wily Werewolf
2019-03-21 13:17:45.342000128+08:00,74.0,11,Wily Werewolf
2019-03-21 15:36:53.069999872+08:00,69.0,9,Wily Werewolf
2019-03-21 15:49:53.796000+08:00,81.0,9,Wily Werewolf
2019-03-21 15:57:47.532000+08:00,66.0,10,Wily Werewolf
2019-03-21 16:06:19.874000128+08:00,65.0,10,Wily Werewolf
2019-03-25 11:57:40.552000+08:00,82.0,11,Wily Werewolf
2019-03-25 13:01:20.028000+08:00,74.0,10,Wily Werewolf
2019-03-25 14:04:04.233999872+08:00,69.0,10,Wily Werewolf
2019-03-25 15:01:21.492999936+08:00,82.0,9,Wily Werewolf
2019-03-25 18:22:10.209000192+08:00,82.0,10,Wily Werewolf
2019-03-26 09:17:43.302000128+08:00,74.0,9,Wily Werewolf
2019-03-26 11:17:41.546999808+08:00,64.0,10,Wily Werewolf
2019-03-26 13:17:42.139000064+08:00,73.0,10,Wily Werewolf
2019-03-26 15:17:43.401999872+08:00,71.0,10,Wily Werewolf
2019-03-26 17:17:42.127000064+08:00,83.0,10,Wily Werewolf
2019-03-27 09:17:43.239000064+08:00,91.0,10,Wily Werewolf
2019-03-27 11:17:43.096000+08:00,62.0,10,Wily Werewolf
2019-03-27 13:17:44.313999872+08:00,70.0,10,Wily Werewolf
2019-03-27 15:17:44.288000+08:00,73.0,10,Wily Werewolf
2019-03-27 17:17:44.464000+08:00,70.0,9,Wily Werewolf
2019-03-27 19:14:58.657999872+08:00,65.0,11,Wily Werewolf
2019-03-28 13:17:35.826999808+08:00,78.0,10,Wily Werewolf
2019-03-28 15:17:32.229000192+08:00,75.0,10,Wily Werewolf
2019-03-29 05:55:13.917999872+08:00,78.0,10,Wily Werewolf
2019-04-01 11:14:00.187000064+08:00,62.0,9,Wily Werewolf
2019-04-01 13:13:59.667000064+08:00,68.0,10,Wily Werewolf
2019-04-01 15:14:00.147000064+08:00,72.0,10,Wily Werewolf
2019-04-02 06:05:34.532999936+08:00,102.0,10,Wily Werewolf
2019-04-02 08:08:12.583000064+08:00,102.0,10,Wily Werewolf
2019-04-02 09:14:01.407000064+08:00,87.0,10,Wily Werewolf
2019-04-02 11:14:00.397000192+08:00,77.0,10,Wily Werewolf
2019-04-02 13:14:00.852000+08:00,99.0,11,Wily Werewolf
2019-04-02 15:14:03.513999872+08:00,79.0,11,Wily Werewolf
2019-04-02 17:14:05.787000064+08:00,94.0,11,Wily Werewolf
2019-04-03 09:14:06.860000+08:00,92.0,10,Wily Werewolf
2019-04-03 11:14:01.979000064+08:00,70.0,10,Wily Werewolf
2019-04-03 13:14:02.828000+08:00,79.0,10,Wily Werewolf
2019-04-03 15:14:05.288000+08:00,68.0,11,Wily Werewolf
2019-04-03 17:14:03.546999808+08:00,85.0,10,Wily Werewolf
2019-04-04 11:04:06.345999872+08:00,59.0,10,Wily Werewolf
2019-04-04 13:01:05.141999872+08:00,72.0,10,Wily Werewolf
2019-04-04 13:04:06.124999936+08:00,68.0,10,Wily Werewolf
2019-04-04 15:04:06.259000064+08:00,66.0,10,Wily Werewolf
2019-04-04 17:04:09.548000+08:00,97.0,10,Wily Werewolf
2019-04-05 09:17:20.872999936+08:00,97.0,10,Wily Werewolf
2019-04-05 11:04:08.181999872+08:00,62.0,10,Wily Werewolf
2019-04-05 13:04:07.792000+08:00,84.0,9,Wily Werewolf
2019-04-05 15:04:08.726000128+08:00,87.0,11,Wily Werewolf
2019-04-05 17:04:08.857000192+08:00,88.0,10,Wily Werewolf
2019-04-06 13:04:22.456000+08:00,88.0,10,Wily Werewolf
2019-04-06 13:04:24.411000064+08:00,88.0,10,Wily Werewolf
2019-04-06 15:04:18.528999936+08:00,88.0,10,Wily Werewolf
2019-04-06 17:04:09.931000064+08:00,88.0,10,Wily Werewolf
2019-04-07 10:13:03.619000064+08:00,88.0,10,Wily Werewolf
2019-04-07 12:28:59.840000+08:00,88.0,10,Wily Werewolf
2019-04-07 17:04:11.415000064+08:00,88.0,10,Wily Werewolf
2019-04-07 17:11:51.551000064+08:00,88.0,11,Wily Werewolf
2019-04-08 09:14:20.229000192+08:00,83.0,10,Wily Werewolf
2019-04-08 12:07:34.510999808+08:00,110.0,10,Wily Werewolf
2019-04-08 13:14:22.650000128+08:00,75.0,10,Wily Werewolf
2019-04-08 15:14:20.937999872+08:00,72.0,10,Wily Werewolf
2019-04-08 21:26:41.885999872+08:00,80.0,10,Wily Werewolf
2019-04-09 05:55:24.561000192+08:00,80.0,10,Wily Werewolf
2019-04-09 09:14:27.484000+08:00,80.0,10,Wily Werewolf
2019-04-09 11:14:22.232000+08:00,65.0,10,Wily Werewolf
2019-04-09 13:14:21.795000064+08:00,82.0,10,Wily Werewolf
2019-04-09 15:14:25.538000128+08:00,101.0,10,Wily Werewolf
2019-04-09 17:14:27.880999936+08:00,101.0,10,Wily Werewolf
2019-04-10 09:43:11.252000+08:00,101.0,10,Wily Werewolf
2019-04-10 11:14:26.444000+08:00,80.0,10,Wily Werewolf
2019-04-10 13:14:26.285000192+08:00,81.0,10,Wily Werewolf
2019-04-10 15:14:40.259000064+08:00,64.0,10,Wily Werewolf
2019-04-10 17:14:28.417999872+08:00,90.0,9,Wily Werewolf
2019-04-11 06:05:16.940999936+08:00,73.0,10,Wily Werewolf
2019-04-11 17:14:28.430000128+08:00,73.0,10,Wily Werewolf
2019-04-15 11:05:29.240999936+08:00,76.0,10,Wily Werewolf
2019-04-15 13:05:30.552000+08:00,79.0,10,Wily Werewolf
2019-04-15 15:05:31.519000064+08:00,83.0,11,Wily Werewolf
2019-04-15 17:05:30.729000192+08:00,77.0,10,Wily Werewolf
2019-04-15 19:12:50.918999808+08:00,88.0,10,Wily Werewolf
2019-04-16 09:12:29.750000128+08:00,78.0,10,Wily Werewolf
2019-04-16 11:12:39.130000128+08:00,72.0,10,Wily Werewolf
2019-04-16 15:12:31.464000+08:00,78.0,10,Wily Werewolf
2019-04-16 17:12:33.100000+08:00,91.0,10,Wily Werewolf
2019-04-17 09:12:33.757999872+08:00,78.0,10,Wily Werewolf
2019-04-17 11:12:31.805999872+08:00,67.0,10,Wily Werewolf
2019-04-17 13:12:33.598000128+08:00,74.0,10,Wily Werewolf
2019-04-17 15:12:38.032999936+08:00,112.0,10,Wily Werewolf
2019-04-18 09:13:33.190000128+08:00,103.0,11,Wily Werewolf
2019-04-18 11:13:34.107000064+08:00,71.0,10,Wily Werewolf
2019-04-18 12:38:10.575000064+08:00,81.0,10,Wily Werewolf
2019-04-18 12:38:14.812000+08:00,81.0,9,Wily Werewolf
2019-04-18 12:38:15.832999936+08:00,82.0,11,Wily Werewolf
2019-04-18 12:39:13.342000128+08:00,82.0,10,Wily Werewolf
2019-03-22 11:20:48.877000192+08:00,71.0,10,Yakkety Yak
2019-03-22 11:20:52.701999872+08:00,71.0,9,Yakkety Yak
2019-03-22 11:20:55.388000+08:00,71.0,11,Yakkety Yak
2019-03-22 11:21:31.897000192+08:00,70.0,10,Yakkety Yak
2019-03-22 11:22:48.102999808+08:00,72.0,9,Yakkety Yak
2019-03-22 11:22:49.944000+08:00,73.0,11,Yakkety Yak
2019-03-22 11:22:51.903000064+08:00,73.0,10,Yakkety Yak
2019-03-22 11:26:02.431000064+08:00,72.0,10,Yakkety Yak
2019-03-22 12:34:24.871000064+08:00,72.0,10,Yakkety Yak
2019-03-22 13:05:23.313999872+08:00,56.0,10,Yakkety Yak
2019-03-22 13:43:56.372000+08:00,67.0,10,Yakkety Yak
2019-03-22 13:56:39.136000+08:00,93.0,11,Yakkety Yak
2019-03-22 13:58:52.120999936+08:00,110.0,11,Yakkety Yak
2019-03-22 14:02:01.492000+08:00,114.0,11,Yakkety Yak
2019-03-22 14:29:05.414000128+08:00,94.0,11,Yakkety Yak
2019-03-22 14:52:35.862999808+08:00,106.0,11,Yakkety Yak
2019-03-22 17:12:15.194000128+08:00,79.0,11,Yakkety Yak
2019-03-22 17:16:00.253999872+08:00,108.0,11,Yakkety Yak
2019-03-22 18:23:35.971000064+08:00,112.0,11,Yakkety Yak
2019-03-22 20:43:10.980999936+08:00,97.0,10,Yakkety Yak
2019-03-23 08:24:56.115000064+08:00,53.0,10,Yakkety Yak
2019-03-23 09:04:57.828999936+08:00,51.0,10,Yakkety Yak
2019-03-23 09:10:12.015000064+08:00,75.0,10,Yakkety Yak
2019-03-23 09:25:30.530999808+08:00,106.0,11,Yakkety Yak
2019-03-23 11:29:00.233999872+08:00,56.0,10,Yakkety Yak
2019-03-23 13:10:00.877000192+08:00,108.0,11,Yakkety Yak
2019-03-23 14:52:25.710000128+08:00,79.0,11,Yakkety Yak
2019-03-24 11:03:07.996000+08:00,58.0,10,Yakkety Yak
2019-03-24 13:04:28.296000+08:00,64.0,10,Yakkety Yak
2019-03-27 13:15:45.792999936+08:00,119.0,11,Yakkety Yak
2019-03-27 13:21:50.088999936+08:00,108.0,11,Yakkety Yak
2019-03-27 13:56:33.903000064+08:00,68.0,11,Yakkety Yak
2019-03-27 15:15:46.220000+08:00,60.0,11,Yakkety Yak
2019-03-27 15:38:17.464999936+08:00,94.0,11,Yakkety Yak
2019-03-27 17:03:22.301000192+08:00,75.0,11,Yakkety Yak
2019-03-27 22:02:59.234999808+08:00,55.0,11,Yakkety Yak
2019-03-28 09:11:09.164999936+08:00,63.0,10,Yakkety Yak
2019-03-28 11:14:15.311000064+08:00,72.0,10,Yakkety Yak
2019-03-28 13:11:14.336000+08:00,88.0,10,Yakkety Yak
2019-03-28 15:03:37.580000+08:00,81.0,10,Yakkety Yak
2019-03-28 15:26:46.416999936+08:00,97.0,11,Yakkety Yak
2019-03-28 17:11:09.196999936+08:00,75.0,10,Yakkety Yak
2019-04-16 09:37:15.834000128+08:00,65.0,10,Yakkety Yak
2019-04-16 11:25:50.443000064+08:00,61.0,10,Yakkety Yak
2019-04-16 19:38:29.876000+08:00,65.0,11,Yakkety Yak
2019-04-17 12:20:36.187000064+08:00,106.0,11,Yakkety Yak
2019-04-17 14:09:01.784000+08:00,80.0,11,Yakkety Yak
2019-04-20 17:10:37.918999808+08:00,62.0,11,Yakkety Yak
2019-04-21 09:02:59.664999936+08:00,87.0,10,Yakkety Yak
2019-04-21 11:53:39.711000064+08:00,73.0,10,Yakkety Yak
2019-04-21 15:12:20.690000128+08:00,65.0,10,Yakkety Yak
2019-04-21 17:19:06.676000+08:00,57.0,11,Yakkety Yak
2019-02-05 03:25:36.732000+08:00,,10,Zesty Zapus
2019-02-05 03:25:36.871000064+08:00,,11,Zesty Zapus
2019-02-05 03:25:36.875000064+08:00,,11,Zesty Zapus
2019-02-05 03:25:37.056999936+08:00,,11,Zesty Zapus
2019-02-05 03:25:37.063000064+08:00,,11,Zesty Zapus
2019-02-05 03:25:37.065999872+08:00,,11,Zesty Zapus
2019-02-05 03:25:37.068999936+08:00,,10,Zesty Zapus
2019-02-05 03:25:37.075000064+08:00,,10,Zesty Zapus
2019-02-05 03:25:37.078000128+08:00,,9,Zesty Zapus
2019-02-05 03:25:37.219000064+08:00,,10,Zesty Zapus
2019-02-05 03:25:37.226000128+08:00,,10,Zesty Zapus
2019-02-05 03:25:37.229000192+08:00,,10,Zesty Zapus
2019-02-05 03:25:37.231000064+08:00,,10,Zesty Zapus
2019-02-05 03:25:37.237999872+08:00,,10,Zesty Zapus
2019-02-05 03:25:37.240999936+08:00,,10,Zesty Zapus
2019-02-05 03:25:37.352999936+08:00,,10,Zesty Zapus
2019-02-05 03:25:37.360000+08:00,,10,Zesty Zapus
2019-02-05 03:25:37.371000064+08:00,,9,Zesty Zapus
2019-02-05 03:25:37.385999872+08:00,,11,Zesty Zapus
2019-02-05 03:25:37.391000064+08:00,,10,Zesty Zapus
2019-02-05 03:25:37.395000064+08:00,,10,Zesty Zapus
2019-02-05 03:25:37.489000192+08:00,,10,Zesty Zapus
2019-02-05 03:25:37.492999936+08:00,,10,Zesty Zapus
2019-02-05 03:25:37.503000064+08:00,,11,Zesty Zapus
2019-02-05 03:25:37.516000+08:00,,10,Zesty Zapus
2019-02-05 03:25:37.520999936+08:00,,10,Zesty Zapus
2019-02-05 03:25:37.532000+08:00,,10,Zesty Zapus
2019-02-08 10:40:25.608000+08:00,,9,Zesty Zapus
2019-02-17 16:20:07.804000+08:00,,10,Zesty Zapus
2019-02-17 16:20:08.045000192+08:00,,10,Zesty Zapus
2019-02-17 16:20:08.319000064+08:00,,10,Zesty Zapus
2019-02-17 16:20:08.559000064+08:00,,10,Zesty Zapus
2019-02-17 16:20:08.951000064+08:00,,10,Zesty Zapus
2019-02-17 16:20:09.194999808+08:00,,9,Zesty Zapus
2019-02-17 16:20:09.440000+08:00,,11,Zesty Zapus
2019-02-17 16:20:09.928999936+08:00,,9,Zesty Zapus
2019-02-17 17:20:08.252999936+08:00,,10,Zesty Zapus
2019-03-21 11:21:12.121999872+08:00,77.0,10,Zesty Zapus
2019-03-21 11:23:58.038000128+08:00,76.0,11,Zesty Zapus
2019-03-21 11:25:25.296999936+08:00,74.0,10,Zesty Zapus
2019-03-21 11:27:07.361999872+08:00,80.0,9,Zesty Zapus
2019-03-21 11:37:10.512000+08:00,62.0,10,Zesty Zapus
2019-03-21 13:28:26.171000064+08:00,73.0,10,Zesty Zapus
2019-03-21 13:28:34.644999936+08:00,73.0,10,Zesty Zapus
2019-03-21 13:41:18.068000+08:00,85.0,10,Zesty Zapus
2019-03-21 13:51:50.780999936+08:00,76.0,10,Zesty Zapus
2019-03-21 13:52:20.216999936+08:00,74.0,9,Zesty Zapus
2019-03-21 13:53:27.236999936+08:00,79.0,10,Zesty Zapus
2019-03-21 14:56:19.908000+08:00,71.0,10,Zesty Zapus
2019-03-21 14:56:29.750000128+08:00,72.0,10,Zesty Zapus
2019-03-21 15:14:42.546000128+08:00,90.0,10,Zesty Zapus
2019-03-21 15:58:01.724999936+08:00,72.0,9,Zesty Zapus
2019-03-21 17:14:44.611000064+08:00,106.0,11,Zesty Zapus
2019-03-22 09:08:13.848000+08:00,112.0,11,Zesty Zapus
2019-03-22 11:08:09.890000128+08:00,77.0,10,Zesty Zapus
2019-03-22 11:58:19.672000+08:00,81.0,10,Zesty Zapus
2019-03-22 13:23:33.879000064+08:00,78.0,10,Zesty Zapus
2019-03-22 15:03:33.516000+08:00,76.0,10,Zesty Zapus
2019-04-01 17:32:38.476999936+08:00,70.0,10,Zesty Zapus
2019-04-01 17:44:14.500000+08:00,78.0,10,Zesty Zapus
2019-04-02 10:54:44.328000+08:00,96.0,10,Zesty Zapus
2019-04-02 11:03:47.008999936+08:00,87.0,10,Zesty Zapus
2019-04-02 12:45:58.946000128+08:00,101.0,10,Zesty Zapus
2019-04-02 13:42:03.594000128+08:00,72.0,10,Zesty Zapus
2019-04-02 13:52:28.507000064+08:00,65.0,10,Zesty Zapus
2019-04-02 16:15:04.220999936+08:00,112.0,9,Zesty Zapus
2019-04-02 17:07:10.220999936+08:00,79.0,10,Zesty Zapus
2019-04-03 09:16:18.482000128+08:00,72.0,10,Zesty Zapus
2019-04-03 11:29:31.467000064+08:00,90.0,10,Zesty Zapus
2019-04-03 13:16:19.168999936+08:00,110.0,10,Zesty Zapus
2019-04-03 14:26:26.128999936+08:00,77.0,11,Zesty Zapus
2019-04-03 14:41:53.875000064+08:00,82.0,10,Zesty Zapus
2019-04-03 15:16:21.071000064+08:00,69.0,10,Zesty Zapus
2019-04-04 10:02:13.796000+08:00,66.0,10,Zesty Zapus
2019-04-04 11:03:54.168999936+08:00,66.0,10,Zesty Zapus
2019-04-04 13:03:51.742000128+08:00,66.0,10,Zesty Zapus
2019-04-04 15:03:51.911000064+08:00,66.0,10,Zesty Zapus
2019-04-04 16:49:57.783000064+08:00,66.0,10,Zesty Zapus
2019-04-04 17:03:52.221999872+08:00,66.0,10,Zesty Zapus
2019-04-05 09:52:19.948000+08:00,99.0,10,Zesty Zapus
2019-04-05 11:04:12.752000+08:00,70.0,10,Zesty Zapus
2019-04-05 13:00:20.607000064+08:00,96.0,10,Zesty Zapus
2019-04-05 15:00:17.812000+08:00,78.0,10,Zesty Zapus
2019-04-05 17:00:18.507000064+08:00,80.0,10,Zesty Zapus
2019-04-06 11:46:45.976000+08:00,98.0,11,Zesty Zapus
2019-04-06 18:43:36.752000+08:00,98.0,10,Zesty Zapus
2019-04-06 21:00:12.736999936+08:00,91.0,10,Zesty Zapus
2019-04-07 13:15:12.188000+08:00,91.0,10,Zesty Zapus
2019-04-07 15:53:26.322000128+08:00,91.0,9,Zesty Zapus
2019-04-07 17:15:09.734999808+08:00,91.0,10,Zesty Zapus
2019-04-07 19:30:46.313999872+08:00,111.0,10,Zesty Zapus
2019-04-08 09:38:59.144000+08:00,91.0,10,Zesty Zapus
2019-04-08 11:02:59.411000064+08:00,84.0,10,Zesty Zapus
2019-04-08 14:28:08.840000+08:00,84.0,10,Zesty Zapus
2019-04-09 11:13:56.516999936+08:00,81.0,10,Zesty Zapus
2019-04-11 03:59:25.757999872+08:00,79.0,10,Zesty Zapus
2019-04-12 14:21:17.102999808+08:00,89.0,10,Zesty Zapus
2019-04-12 14:35:03.584000+08:00,96.0,10,Zesty Zapus
2019-04-12 14:49:52.448999936+08:00,82.0,10,Zesty Zapus
2019-04-12 15:07:17.967000064+08:00,81.0,9,Zesty Zapus
2019-04-12 17:07:13.352000+08:00,79.0,10,Zesty Zapus
2019-04-13 07:03:39.724000+08:00,89.0,10,Zesty Zapus
2019-04-13 09:07:14.242000128+08:00,113.0,10,Zesty Zapus
2019-04-13 11:57:06.800000+08:00,81.0,10,Zesty Zapus
2019-04-13 13:07:17.904000+08:00,76.0,10,Zesty Zapus
2019-04-14 18:30:32.398000128+08:00,73.0,10,Zesty Zapus
2019-04-14 19:52:25.780999936+08:00,63.0,10,Zesty Zapus
2019-04-15 09:30:59.312000+08:00,70.0,10,Zesty Zapus
2019-04-15 11:07:19.910000128+08:00,88.0,10,Zesty Zapus
2019-04-16 09:03:04.230000128+08:00,67.0,10,Zesty Zapus
2019-04-16 11:03:06.232000+08:00,77.0,10,Zesty Zapus
2019-04-16 14:53:09.479000064+08:00,74.0,10,Zesty Zapus
2019-04-16 15:03:05.973999872+08:00,87.0,10,Zesty Zapus
2019-04-16 17:03:07.954999808+08:00,66.0,10,Zesty Zapus
2019-04-17 10:23:41.284000+08:00,111.0,10,Zesty Zapus
2019-04-17 11:19:53.441999872+08:00,85.0,10,Zesty Zapus
2019-04-17 13:32:12.711000064+08:00,104.0,10,Zesty Zapus
2019-04-17 13:41:28.440000+08:00,94.0,10,Zesty Zapus
2019-04-17 16:27:17.379000064+08:00,79.0,10,Zesty Zapus
2019-03-25 14:50:05.181999872+08:00,72.0,10,aurek1
2019-03-25 15:04:06.721999872+08:00,76.0,10,aurek1
2019-03-25 15:46:57.999000064+08:00,75.0,10,aurek1
2019-03-25 17:06:54.580000+08:00,81.0,10,aurek1
2019-03-25 17:33:56.257999872+08:00,85.0,10,aurek1
2019-03-25 19:17:06.804000+08:00,94.0,11,aurek1
2019-03-25 19:44:23.187000064+08:00,89.0,10,aurek1
2019-03-26 10:03:53.772999936+08:00,104.0,10,aurek1
2019-03-26 11:06:52.785000192+08:00,77.0,10,aurek1
2019-03-26 12:02:17.627000064+08:00,75.0,10,aurek1
2019-03-26 12:51:33.276000+08:00,102.0,11,aurek1
2019-03-26 13:06:53.312000+08:00,88.0,10,aurek1
2019-03-26 13:51:24.663000064+08:00,76.0,10,aurek1
2019-03-26 15:11:24.323000064+08:00,79.0,10,aurek1
2019-03-26 16:28:55.772999936+08:00,79.0,10,aurek1
2019-03-26 17:11:25.502000128+08:00,83.0,10,aurek1
2019-03-26 18:25:41.875000064+08:00,77.0,10,aurek1
2019-03-26 19:01:57.656000+08:00,83.0,11,aurek1
2019-03-27 11:06:07.206000128+08:00,83.0,11,aurek1
2019-03-27 12:21:53.857000192+08:00,86.0,11,aurek1
2019-03-27 13:07:47.444000+08:00,80.0,10,aurek1
2019-03-27 15:09:59.128000+08:00,78.0,10,aurek1
2019-03-27 17:10:01.928000+08:00,77.0,10,aurek1
2019-03-28 09:49:20.216000+08:00,100.0,11,aurek1
2019-03-28 11:10:06.857000192+08:00,100.0,11,aurek1
2019-03-28 13:10:03.512000+08:00,85.0,10,aurek1
2019-03-28 14:00:03.844999936+08:00,89.0,10,aurek1
2019-03-28 15:10:02.231000064+08:00,76.0,10,aurek1
2019-03-28 15:10:09.308000+08:00,78.0,10,aurek1
2019-03-28 19:35:10.588999936+08:00,67.0,10,aurek1
2019-03-29 10:13:14.003000064+08:00,88.0,11,aurek1
2019-03-29 11:11:41.088999936+08:00,72.0,10,aurek1
2019-03-29 11:29:36.028000+08:00,88.0,10,aurek1
2019-03-29 13:31:58.142999808+08:00,74.0,11,aurek1
2019-03-29 14:22:58.804000+08:00,82.0,10,aurek1
2019-03-29 15:21:26.357000192+08:00,80.0,10,aurek1
2019-03-29 19:20:12.377000192+08:00,88.0,11,aurek1
2019-03-30 17:19:34.212999936+08:00,109.0,11,aurek1
2019-03-31 11:30:57.180000+08:00,97.0,10,aurek1
2019-04-01 13:17:00.400000+08:00,89.0,10,aurek1
2019-04-01 15:52:48.928000+08:00,80.0,10,aurek1
2019-04-01 17:15:20.780000+08:00,71.0,10,aurek1
2019-04-02 13:15:18.970000128+08:00,77.0,10,aurek1
2019-04-02 17:13:49.658999808+08:00,81.0,10,aurek1
2019-04-03 09:21:21.500999936+08:00,99.0,10,aurek1
2019-04-03 12:20:09.711000064+08:00,70.0,10,aurek1
2019-04-03 13:42:38.760999936+08:00,96.0,10,aurek1
2019-04-03 17:05:26.101999872+08:00,78.0,10,aurek1
2019-04-04 11:51:48.414000128+08:00,77.0,10,aurek1
2019-04-04 13:02:49.484000+08:00,81.0,10,aurek1
2019-04-04 13:02:52.639000064+08:00,81.0,11,aurek1
2019-04-04 13:53:07.614000128+08:00,77.0,10,aurek1
2019-04-04 14:15:18.549999872+08:00,77.0,10,aurek1
2019-04-04 15:42:37.852999936+08:00,67.0,10,aurek1
2019-04-04 17:02:38.336999936+08:00,67.0,10,aurek1
2019-04-04 18:25:41.506000128+08:00,79.0,10,aurek1
2019-04-05 10:07:05.888999936+08:00,101.0,11,aurek1
2019-04-05 10:31:48.249999872+08:00,92.0,10,aurek1
2019-04-05 11:02:50.068000+08:00,73.0,10,aurek1
2019-04-05 11:50:16.316999936+08:00,71.0,10,aurek1
2019-04-05 13:02:49.848999936+08:00,116.0,11,aurek1
2019-04-05 17:32:02.145999872+08:00,89.0,10,aurek1
2019-04-05 17:32:03.525000192+08:00,89.0,10,aurek1
2019-04-06 11:01:17.780000+08:00,89.0,10,aurek1
2019-04-06 11:18:57.448999936+08:00,175.0,10,aurek1
2019-04-06 11:33:07.301000192+08:00,150.0,10,aurek1
2019-04-06 11:56:23.072999936+08:00,102.0,10,aurek1
2019-04-06 12:03:50.239000064+08:00,131.0,10,aurek1
2019-04-06 14:35:31.160999936+08:00,110.0,10,aurek1
2019-04-06 15:16:23.424999936+08:00,86.0,10,aurek1
2019-04-06 18:25:20.806999808+08:00,121.0,10,aurek1
2019-04-07 09:36:26.334000128+08:00,92.0,10,aurek1
2019-04-09 10:53:36.624000+08:00,86.0,10,aurek1
2019-04-09 11:18:46.657000192+08:00,104.0,10,aurek1
2019-04-09 13:18:47.188000+08:00,75.0,10,aurek1
2019-04-09 14:42:09.076999936+08:00,114.0,10,aurek1
2019-04-09 16:10:46.799000064+08:00,106.0,10,aurek1
2019-04-09 17:15:20.492000+08:00,106.0,10,aurek1
2019-04-09 17:17:24.576999936+08:00,92.0,10,aurek1
2019-04-09 17:18:47.232000+08:00,82.0,11,aurek1
2019-04-10 09:39:01.496000+08:00,117.0,11,aurek1
2019-04-10 11:56:15.895000064+08:00,111.0,11,aurek1
2019-04-10 17:10:50.664999936+08:00,92.0,10,aurek1
2019-04-10 19:19:47.956999936+08:00,92.0,10,aurek1
2019-04-11 10:43:15.744000+08:00,97.0,11,aurek1
2019-04-11 11:35:08.516999936+08:00,98.0,10,aurek1
2019-04-11 18:06:21.896000+08:00,88.0,10,aurek1
2019-04-12 10:27:39.400000+08:00,95.0,11,aurek1
2019-04-12 17:42:56.765000192+08:00,110.0,10,aurek1
2019-04-12 20:38:07.396000+08:00,99.0,10,aurek1
2019-04-13 11:11:00.132000+08:00,97.0,10,aurek1
2019-04-13 20:58:51.692000+08:00,87.0,9,aurek1
2019-04-14 12:12:54.730000128+08:00,90.0,10,aurek1
2019-04-16 09:02:15.892999936+08:00,94.0,11,aurek1
2019-04-17 16:38:40.992999936+08:00,101.0,10,aurek1
2019-04-17 16:57:00.125999872+08:00,96.0,10,aurek1
2019-04-17 17:24:06.309999872+08:00,78.0,10,aurek1
2019-04-18 09:38:30.137000192+08:00,90.0,10,aurek1
2019-04-18 10:35:07.158999808+08:00,94.0,10,aurek1
2019-04-18 12:38:55.683000064+08:00,89.0,11,aurek1
2019-04-18 17:34:01.792999936+08:00,113.0,10,aurek1
2019-03-28 13:42:09.191000064+08:00,81.0,10,aurek10
2019-03-28 13:42:25.426000128+08:00,78.0,10,aurek10
2019-03-28 15:18:26.976000+08:00,91.0,10,aurek10
2019-03-28 16:50:05.260999936+08:00,95.0,10,aurek10
2019-03-28 17:18:27.824000+08:00,89.0,10,aurek10
2019-03-28 18:17:54.844999936+08:00,80.0,10,aurek10
2019-03-28 19:37:05.184000+08:00,92.0,10,aurek10
2019-03-29 09:15:09.928000+08:00,99.0,10,aurek10
2019-03-29 10:41:04.348000+08:00,99.0,10,aurek10
2019-03-29 11:28:47.139000064+08:00,74.0,10,aurek10
2019-03-29 12:15:07.960999936+08:00,89.0,10,aurek10
2019-03-31 15:52:17.963000064+08:00,96.0,10,aurek10
2019-03-31 17:12:16.910000128+08:00,100.0,10,aurek10
2019-03-31 18:11:35.983000064+08:00,92.0,10,aurek10
2019-03-31 21:11:54.776000+08:00,89.0,11,aurek10
2019-03-31 21:13:14.436999936+08:00,113.0,10,aurek10
2019-03-31 21:13:16.491000064+08:00,112.0,11,aurek10
2019-03-31 21:13:18.437999872+08:00,110.0,11,aurek10
2019-03-31 21:13:20.012000+08:00,107.0,11,aurek10
2019-04-01 11:03:29.812000+08:00,103.0,10,aurek10
2019-04-01 13:18:50.424000+08:00,98.0,10,aurek10
2019-04-01 15:18:53.022000128+08:00,88.0,10,aurek10
2019-04-01 17:18:53.638000128+08:00,85.0,11,aurek10
2019-04-01 17:39:18.585999872+08:00,85.0,11,aurek10
2019-04-02 09:19:13.544000+08:00,92.0,10,aurek10
2019-04-02 10:27:25.701999872+08:00,100.0,10,aurek10
2019-04-02 10:28:06.619000064+08:00,96.0,10,aurek10
2019-04-02 10:28:10.276000+08:00,95.0,10,aurek10
2019-04-02 11:08:34.694000128+08:00,82.0,10,aurek10
2019-04-02 11:50:10.416999936+08:00,70.0,11,aurek10
2019-04-02 13:08:33.284000+08:00,102.0,10,aurek10
2019-04-02 14:51:44.924999936+08:00,99.0,11,aurek10
2019-04-02 15:08:41.716999936+08:00,93.0,10,aurek10
2019-04-08 11:40:02.444999936+08:00,90.0,10,aurek10
2019-04-08 11:40:03.824000+08:00,90.0,10,aurek10
2019-04-08 11:50:07.290999808+08:00,78.0,11,aurek10
2019-04-08 13:12:52.921999872+08:00,77.0,10,aurek10
2019-04-08 15:12:55.096999936+08:00,86.0,10,aurek10
2019-04-08 15:12:56.930000128+08:00,86.0,9,aurek10
2019-04-08 15:12:58.564999936+08:00,87.0,10,aurek10
2019-04-08 17:13:22.765000192+08:00,80.0,10,aurek10
2019-04-09 09:57:57.198999808+08:00,101.0,10,aurek10
2019-04-09 09:57:58.479000064+08:00,101.0,10,aurek10
2019-04-09 11:10:56.964999936+08:00,85.0,10,aurek10
2019-04-09 13:11:08.413000192+08:00,108.0,9,aurek10
2019-04-09 13:31:11.206000128+08:00,96.0,11,aurek10
2019-04-09 13:51:11.684000+08:00,88.0,11,aurek10
2019-04-09 13:51:13.484999936+08:00,88.0,11,aurek10
2019-04-09 14:39:04.020999936+08:00,86.0,10,aurek10
2019-04-09 14:39:05.940000+08:00,86.0,11,aurek10
2019-04-09 14:50:04.710000128+08:00,85.0,10,aurek10
2019-04-09 14:50:06.128999936+08:00,85.0,11,aurek10
2019-04-09 15:11:30.690000128+08:00,82.0,11,aurek10
2019-04-09 15:11:32.137000192+08:00,82.0,11,aurek10
2019-04-09 15:50:06.568999936+08:00,88.0,11,aurek10
2019-04-09 15:50:08.111000064+08:00,88.0,11,aurek10
2019-04-09 17:11:12.480999936+08:00,78.0,10,aurek10
2019-04-09 18:51:52.523000064+08:00,81.0,11,aurek10
2019-04-09 18:51:54.908000+08:00,81.0,10,aurek10
2019-04-09 18:51:57.756999936+08:00,81.0,10,aurek10
2019-04-09 20:06:48.469000192+08:00,85.0,10,aurek10
2019-04-10 09:11:12.668999936+08:00,123.0,10,aurek10
2019-04-10 11:11:13.472000+08:00,94.0,10,aurek10
2019-04-10 11:11:16.232999936+08:00,93.0,10,aurek10
2019-04-10 13:11:18.098000128+08:00,96.0,9,aurek10
2019-04-10 13:31:20.421999872+08:00,105.0,10,aurek10
2019-04-10 14:50:08.874000128+08:00,84.0,10,aurek10
2019-04-10 15:33:46.269999872+08:00,81.0,10,aurek10
2019-04-10 15:33:50.134000128+08:00,81.0,10,aurek10
2019-04-10 16:47:47.427000064+08:00,82.0,10,aurek10
2019-04-10 16:47:49.836000+08:00,82.0,10,aurek10
2019-04-10 17:13:49.954999808+08:00,84.0,10,aurek10
2019-04-13 18:55:01.996000+08:00,102.0,10,aurek10
2019-04-13 18:55:03.773999872+08:00,102.0,10,aurek10
2019-04-13 18:55:08.641999872+08:00,102.0,10,aurek10
2019-04-14 09:12:28.856000+08:00,118.0,10,aurek10
2019-04-14 09:12:30.140000+08:00,118.0,10,aurek10
2019-04-14 11:37:12.332999936+08:00,95.0,10,aurek10
2019-04-14 12:08:39.891000064+08:00,88.0,10,aurek10
2019-04-14 13:39:47.100000+08:00,92.0,10,aurek10
2019-04-14 14:37:59.784000+08:00,116.0,10,aurek10
2019-04-14 14:38:02.673000192+08:00,119.0,11,aurek10
2019-04-14 15:19:59.340000+08:00,109.0,10,aurek10
2019-04-14 15:20:03.174000128+08:00,109.0,10,aurek10
2019-04-14 17:01:38.141999872+08:00,91.0,10,aurek10
2019-04-14 17:01:40.937999872+08:00,91.0,10,aurek10
2019-04-14 17:02:20.632000+08:00,93.0,10,aurek10
2019-04-14 17:02:24.657000192+08:00,93.0,11,aurek10
2019-04-14 17:02:28.499000064+08:00,93.0,10,aurek10
2019-04-14 17:02:30.280999936+08:00,93.0,11,aurek10
2019-04-14 17:03:32.880999936+08:00,96.0,10,aurek10
2019-04-14 17:20:00.780000+08:00,93.0,10,aurek10
2019-04-18 09:16:45.484000+08:00,70.0,10,aurek10
2019-04-18 09:16:46.624999936+08:00,70.0,10,aurek10
2019-04-18 10:46:43.302000128+08:00,95.0,10,aurek10
2019-04-18 10:46:44.288000+08:00,95.0,10,aurek10
2019-04-18 10:46:45.796999936+08:00,95.0,10,aurek10
2019-04-18 10:47:06.895000064+08:00,96.0,10,aurek10
2019-04-18 10:47:07.904000+08:00,96.0,10,aurek10
2019-04-18 10:47:10.104999936+08:00,95.0,10,aurek10
2019-04-18 10:47:11.480999936+08:00,94.0,10,aurek10
2019-04-18 11:10:22.724000+08:00,93.0,10,aurek10
2019-04-18 11:10:23.885999872+08:00,93.0,10,aurek10
2019-04-18 11:10:25.632000+08:00,92.0,10,aurek10
2019-04-18 11:50:03.423000064+08:00,85.0,10,aurek10
2019-04-18 11:50:04.395000064+08:00,85.0,10,aurek10
2019-04-18 11:50:05.272000+08:00,85.0,10,aurek10
2019-04-18 12:50:05.177999872+08:00,77.0,10,aurek10
2019-04-18 12:50:06.530999808+08:00,77.0,10,aurek10
2019-04-18 12:50:09.127000064+08:00,77.0,10,aurek10
2019-04-18 13:10:22.846999808+08:00,77.0,10,aurek10
2019-04-18 13:10:25.864999936+08:00,78.0,10,aurek10
2019-04-18 14:17:48.972999936+08:00,104.0,10,aurek10
2019-04-18 15:07:23.980999936+08:00,92.0,10,aurek10
2019-04-18 15:07:27.200999936+08:00,92.0,10,aurek10
2019-04-18 15:07:28.352999936+08:00,92.0,10,aurek10
2019-04-18 15:10:22.980000+08:00,91.0,10,aurek10
2019-04-18 15:10:25.413000192+08:00,91.0,10,aurek10
2019-04-18 16:50:11.913000192+08:00,95.0,10,aurek10
2019-04-18 16:50:13.599000064+08:00,95.0,10,aurek10
2019-04-18 17:10:21.507000064+08:00,87.0,10,aurek10
2019-04-18 17:10:22.999000064+08:00,87.0,10,aurek10
2019-04-18 17:38:21.989000192+08:00,96.0,10,aurek10
2019-04-18 17:38:22.957999872+08:00,97.0,10,aurek10
2019-04-18 17:38:23.844999936+08:00,97.0,10,aurek10
2019-04-18 19:13:30.785000192+08:00,89.0,10,aurek10
2019-04-18 19:13:31.690000128+08:00,89.0,10,aurek10
2019-04-18 19:13:32.540999936+08:00,89.0,10,aurek10
2019-04-18 19:13:34.107000064+08:00,89.0,10,aurek10
2019-04-18 19:13:35.336999936+08:00,89.0,10,aurek10
2019-04-18 21:04:40.473999872+08:00,93.0,10,aurek10
2019-04-18 21:04:41.707000064+08:00,93.0,10,aurek10
2019-04-18 21:35:48.602999808+08:00,95.0,10,aurek10
2019-04-18 21:35:49.732999936+08:00,95.0,10,aurek10
2019-04-18 22:28:18.423000064+08:00,98.0,11,aurek10
2019-04-19 16:17:34.302000128+08:00,93.0,10,aurek10
2019-04-19 16:17:35.524000+08:00,93.0,10,aurek10
2019-04-22 09:19:57.828000+08:00,92.0,10,aurek10
2019-04-22 09:19:59.227000064+08:00,92.0,10,aurek10
2019-04-22 09:20:00.296000+08:00,92.0,10,aurek10
2019-04-22 11:50:04.172000+08:00,88.0,10,aurek10
2019-04-22 11:50:06.823000064+08:00,87.0,10,aurek10
2019-04-22 11:50:07.822000128+08:00,87.0,10,aurek10
2019-04-10 14:54:53.507000064+08:00,69.0,10,aurek14
2019-04-16 08:30:39.365999872+08:00,59.0,11,aurek14
2019-04-16 10:31:15.186000128+08:00,84.0,11,aurek14
2019-04-16 13:02:35.824000+08:00,76.0,11,aurek14
2019-04-19 01:24:12.852999936+08:00,92.0,10,aurek14
2019-04-19 02:02:34.082000128+08:00,74.0,10,aurek14
2019-04-19 02:14:54.085999872+08:00,80.0,10,aurek14
2019-04-19 10:50:09.489000192+08:00,65.0,11,aurek14
2019-04-19 11:45:51.576000+08:00,95.0,11,aurek14
2019-04-19 13:09:15.858000128+08:00,91.0,11,aurek14
2019-04-19 14:37:06.904000+08:00,81.0,11,aurek14
2019-04-20 14:23:16.436999936+08:00,81.0,11,aurek14
2019-04-20 17:53:11.546999808+08:00,81.0,11,aurek14
2019-04-20 22:27:00.177999872+08:00,87.0,9,aurek14
2019-04-21 12:46:17.095000064+08:00,70.0,11,aurek14
2019-04-21 13:09:18.400999936+08:00,66.0,11,aurek14
2019-04-21 16:38:58.512999936+08:00,95.0,11,aurek14
2019-04-21 19:19:19.170000128+08:00,93.0,11,aurek14
2019-03-28 11:55:23.520000+08:00,78.0,10,aurek15
2019-03-28 11:56:02.824999936+08:00,78.0,11,aurek15
2019-03-28 12:34:00.923000064+08:00,90.0,9,aurek15
2019-03-28 13:07:56.898999808+08:00,92.0,9,aurek15
2019-03-28 15:08:05.944000+08:00,138.0,11,aurek15
2019-03-28 17:08:01.512999936+08:00,120.0,10,aurek15
2019-03-29 22:50:14.468000+08:00,107.0,10,aurek15
2019-04-02 13:58:33.276000+08:00,75.0,10,aurek15
2019-04-02 15:00:42.856000+08:00,88.0,10,aurek15
2019-04-02 17:00:40.315000064+08:00,135.0,9,aurek15
2019-04-02 17:39:15.621999872+08:00,108.0,10,aurek15
2019-04-03 12:49:04.472999936+08:00,76.0,10,aurek15
2019-04-03 13:06:06.125999872+08:00,123.0,10,aurek15
2019-04-03 15:06:08.240000+08:00,130.0,10,aurek15
2019-04-03 17:06:09.737999872+08:00,144.0,10,aurek15
2019-04-03 18:57:51.324000+08:00,137.0,11,aurek15
2019-04-05 16:04:05.144000+08:00,76.0,9,aurek15
2019-04-05 17:03:30.289999872+08:00,127.0,9,aurek15
2019-04-06 18:28:41.867000064+08:00,70.0,10,aurek15
2019-04-07 08:16:17.120000+08:00,67.0,10,aurek15
2019-04-07 09:38:53.305000192+08:00,67.0,10,aurek15
2019-04-07 11:17:46.969000192+08:00,65.0,10,aurek15
2019-04-08 09:37:08.576000+08:00,96.0,10,aurek15
2019-04-09 08:04:09.982000128+08:00,58.0,10,aurek15
2019-04-15 15:58:38.140999936+08:00,138.0,10,aurek15
2019-04-10 14:55:55.624000+08:00,69.0,10,aurek16
2019-04-17 15:44:00.304000+08:00,119.0,10,aurek16
2019-04-17 15:50:41.424000+08:00,85.0,10,aurek16
2019-04-17 19:04:11.963000064+08:00,90.0,11,aurek16
2019-04-18 15:24:57.197999872+08:00,114.0,11,aurek16
2019-04-18 15:24:57.997999872+08:00,115.0,11,aurek16
2019-04-22 11:49:14.345999872+08:00,110.0,9,aurek16
2019-04-22 13:05:26.617000192+08:00,91.0,11,aurek16
2019-04-10 14:53:13.529999872+08:00,68.0,10,aurek17
2019-04-12 16:49:45.267000064+08:00,85.0,11,aurek18
2019-04-10 14:52:06.108999936+08:00,60.0,10,aurek19
2019-04-18 17:11:28.428999936+08:00,89.0,11,aurek19
2019-04-18 17:11:29.163000064+08:00,89.0,11,aurek19
2019-04-18 17:46:41.544000+08:00,107.0,11,aurek19
2019-04-18 18:33:56.930000128+08:00,130.0,11,aurek19
2019-04-20 09:11:33.832000+08:00,106.0,11,aurek19
2019-04-20 11:32:32.710000128+08:00,106.0,10,aurek19
2019-04-21 09:11:35.729000192+08:00,87.0,10,aurek19
2019-04-22 13:11:33.913000192+08:00,93.0,11,aurek19
2019-03-29 14:46:23.720000+08:00,64.0,10,aurek2
2019-03-29 14:46:26.432000+08:00,64.0,10,aurek2
2019-03-29 15:16:58.193000192+08:00,60.0,10,aurek2
2019-03-29 17:16:57.385999872+08:00,100.0,10,aurek2
2019-03-29 17:39:06.639000064+08:00,106.0,10,aurek2
2019-03-29 19:19:25.760000+08:00,99.0,10,aurek2
2019-03-30 09:12:17.224000+08:00,101.0,10,aurek2
2019-03-30 09:12:20.917999872+08:00,101.0,10,aurek2
2019-03-30 10:52:33.102999808+08:00,90.0,9,aurek2
2019-03-30 11:12:21.874000128+08:00,94.0,9,aurek2
2019-03-30 13:12:16.136000+08:00,67.0,9,aurek2
2019-03-30 15:12:16.956000+08:00,84.0,9,aurek2
2019-03-30 17:12:21.892999936+08:00,85.0,9,aurek2
2019-03-31 13:58:42.966000128+08:00,104.0,11,aurek2
2019-03-31 15:53:47.548000+08:00,78.0,11,aurek2
2019-03-31 19:45:21.494999808+08:00,84.0,11,aurek2
2019-04-08 16:36:04.710000128+08:00,72.0,10,aurek2
2019-04-08 17:02:18.693000192+08:00,73.0,10,aurek2
2019-04-08 20:23:11.164000+08:00,106.0,10,aurek2
2019-04-09 07:38:14.473999872+08:00,119.0,11,aurek2
2019-04-09 09:02:13.175000064+08:00,68.0,10,aurek2
2019-04-09 11:02:17.359000064+08:00,57.0,10,aurek2
2019-04-09 13:02:19.125999872+08:00,64.0,10,aurek2
2019-04-09 17:02:12.499000064+08:00,72.0,10,aurek2
2019-04-10 10:46:48.124999936+08:00,96.0,11,aurek2
2019-04-10 11:00:28.667000064+08:00,109.0,11,aurek2
2019-04-10 11:02:14.607000064+08:00,84.0,11,aurek2
2019-04-10 13:02:19.150000128+08:00,83.0,11,aurek2
2019-04-10 14:03:20.694000128+08:00,91.0,11,aurek2
2019-04-10 14:41:45.408999936+08:00,72.0,10,aurek2
2019-04-10 15:02:15.137000192+08:00,80.0,11,aurek2
2019-04-10 17:02:15.280999936+08:00,66.0,9,aurek2
2019-04-11 09:02:32.140000+08:00,75.0,10,aurek2
2019-04-11 11:02:16.742000128+08:00,66.0,10,aurek2
2019-04-11 13:02:25.377000192+08:00,70.0,9,aurek2
2019-04-11 15:13:53.313999872+08:00,67.0,10,aurek2
2019-04-11 17:13:55.980999936+08:00,59.0,10,aurek2
2019-04-13 07:46:40.578000128+08:00,79.0,11,aurek2
2019-04-13 09:14:02.612000+08:00,114.0,11,aurek2
2019-04-13 11:13:53.684999936+08:00,108.0,11,aurek2
2019-04-13 19:05:02.524000+08:00,104.0,11,aurek2
2019-04-13 21:27:18.288999936+08:00,84.0,11,aurek2
2019-04-13 21:47:43.002000128+08:00,103.0,11,aurek2
2019-04-15 08:54:26.156000+08:00,102.0,11,aurek2
2019-04-15 09:13:58.491000064+08:00,99.0,11,aurek2
2019-04-15 10:45:41.737999872+08:00,66.0,10,aurek2
2019-04-15 11:14:00.503000064+08:00,72.0,10,aurek2
2019-04-15 12:53:52.125999872+08:00,80.0,11,aurek2
2019-04-15 13:14:22.520000+08:00,81.0,10,aurek2
2019-04-11 13:15:26.288000+08:00,85.0,10,aurek20
2019-04-11 15:15:25.836000+08:00,131.0,11,aurek20
2019-04-12 09:11:44.190000128+08:00,82.0,10,aurek20
2019-04-12 11:11:45.973999872+08:00,87.0,11,aurek20
2019-04-18 09:39:09.410000128+08:00,94.0,10,aurek20
2019-04-18 09:59:00.854000128+08:00,90.0,10,aurek20
2019-04-10 14:07:30.320000+08:00,95.0,10,aurek25
2019-04-10 14:07:31.992999936+08:00,95.0,11,aurek25
2019-04-10 14:07:33.776000+08:00,95.0,10,aurek25
2019-04-10 14:07:38.612999936+08:00,95.0,10,aurek25
2019-03-26 14:50:06.762000128+08:00,71.0,10,aurek3
2019-04-18 09:03:59.792000+08:00,60.0,10,aurek3
2019-04-18 11:03:59.490000128+08:00,122.0,11,aurek3
2019-04-18 13:03:59.546000128+08:00,78.0,11,aurek3
2019-03-25 12:01:30.992999936+08:00,82.0,11,aurek4
2019-04-15 13:33:17.484999936+08:00,102.0,10,aurek5
2019-04-15 13:44:41.200000+08:00,102.0,10,aurek5
2019-04-15 16:39:22.120999936+08:00,77.0,10,aurek5
2019-04-15 17:19:05.950000128+08:00,76.0,10,aurek5
2019-03-26 15:17:13.117000192+08:00,99.0,11,aurek7
2019-03-26 16:31:09.131000064+08:00,79.0,9,aurek7
2019-03-26 17:17:05.468000+08:00,76.0,9,aurek7
2019-03-26 17:17:08.996999936+08:00,76.0,9,aurek7
2019-03-26 23:22:44.144000+08:00,107.0,10,aurek7
2019-03-27 09:17:07.957999872+08:00,115.0,10,aurek7
2019-03-27 11:17:06.792999936+08:00,113.0,10,aurek7
2019-03-27 11:17:22.119000064+08:00,111.0,10,aurek7
2019-03-27 13:17:08.000999936+08:00,122.0,10,aurek7
2019-03-27 15:17:11.134000128+08:00,96.0,10,aurek7
2019-03-27 17:17:10.686000128+08:00,75.0,10,aurek7
2019-03-28 09:06:22.177999872+08:00,118.0,10,aurek7
2019-03-28 11:18:59.139000064+08:00,77.0,10,aurek7
2019-03-28 13:19:05.553999872+08:00,80.0,10,aurek7
2019-03-28 15:18:58.918999808+08:00,92.0,10,aurek7
2019-03-28 17:19:00.056999936+08:00,90.0,9,aurek7
2019-03-29 09:04:07.562000128+08:00,82.0,9,aurek7
2019-03-29 09:48:54.243000064+08:00,112.0,10,aurek7
2019-03-29 11:04:11.992000+08:00,85.0,10,aurek7
2019-03-29 13:04:06.828999936+08:00,88.0,10,aurek7
2019-03-29 15:04:09.868000+08:00,70.0,10,aurek7
2019-03-29 17:04:06.323000064+08:00,93.0,10,aurek7
2019-03-30 15:12:06.101999872+08:00,92.0,10,aurek7
2019-03-31 15:04:12.380999936+08:00,92.0,10,aurek7
2019-03-31 18:22:56.196999936+08:00,92.0,10,aurek7
2019-04-01 09:04:14.520000+08:00,62.0,10,aurek7
2019-04-01 11:04:14.137000192+08:00,89.0,10,aurek7
2019-04-01 13:04:11.840000+08:00,70.0,9,aurek7
2019-04-02 09:14:02.822000128+08:00,59.0,10,aurek7
2019-04-03 09:10:44.908000+08:00,56.0,10,aurek7
2019-04-03 11:10:40.675000064+08:00,64.0,10,aurek7
2019-04-03 13:10:40.140000+08:00,79.0,10,aurek7
2019-04-03 15:10:44.668999936+08:00,77.0,10,aurek7
2019-04-03 17:50:04.641999872+08:00,72.0,10,aurek7
2019-04-04 09:10:46.132000+08:00,60.0,10,aurek7
2019-04-04 11:10:45.268000+08:00,87.0,11,aurek7
2019-04-04 13:10:43.142999808+08:00,71.0,11,aurek7
2019-04-04 15:10:44.372999936+08:00,90.0,10,aurek7
2019-04-04 17:10:42.936999936+08:00,74.0,9,aurek7
2019-04-05 06:41:25.776999936+08:00,113.0,10,aurek7
2019-04-05 09:10:44.025000192+08:00,77.0,9,aurek7
2019-04-05 11:10:45.852999936+08:00,76.0,9,aurek7
2019-04-05 13:10:50.927000064+08:00,73.0,10,aurek7
2019-04-05 13:49:31.624999936+08:00,62.0,10,aurek7
2019-04-05 15:27:55.200999936+08:00,74.0,10,aurek7
2019-04-05 17:22:46.523000064+08:00,79.0,10,aurek7
2019-04-07 20:54:32.135000064+08:00,96.0,10,aurek7
2019-04-09 09:08:02.098000128+08:00,58.0,10,aurek7
2019-04-09 11:08:05.121999872+08:00,116.0,11,aurek7
2019-04-09 13:08:01.952000+08:00,99.0,10,aurek7
2019-04-09 15:07:59.532999936+08:00,79.0,10,aurek7
2019-04-09 17:07:59.895000064+08:00,76.0,9,aurek7
2019-04-10 09:08:08.116000+08:00,81.0,10,aurek7
2019-04-10 11:10:59.216999936+08:00,76.0,11,aurek7
2019-04-10 13:08:02.941999872+08:00,89.0,11,aurek7
2019-04-10 15:08:04.516000+08:00,72.0,10,aurek7
2019-04-10 17:08:00.884999936+08:00,68.0,10,aurek7
2019-04-11 09:08:05.851000064+08:00,111.0,11,aurek7
2019-04-11 11:08:03.598000128+08:00,62.0,9,aurek7
2019-04-11 13:08:06.128999936+08:00,70.0,10,aurek7
2019-04-11 15:08:02.344000+08:00,111.0,10,aurek7
2019-04-11 17:08:03.160000+08:00,83.0,10,aurek7
2019-04-12 09:08:15.167000064+08:00,69.0,10,aurek7
2019-04-12 11:08:05.069999872+08:00,56.0,10,aurek7
2019-04-12 13:29:29.392999936+08:00,58.0,10,aurek7
2019-04-12 15:08:09.157999872+08:00,70.0,10,aurek7
2019-04-12 17:27:48.829999872+08:00,72.0,10,aurek7
2019-04-12 17:50:06.892999936+08:00,81.0,10,aurek7
2019-04-14 21:04:31.513999872+08:00,69.0,10,aurek7
2019-04-15 09:08:09.530999808+08:00,90.0,10,aurek7
2019-04-15 11:08:07.388000+08:00,63.0,10,aurek7
2019-04-15 13:08:07.584000+08:00,78.0,10,aurek7
2019-04-15 15:21:59.648000+08:00,69.0,10,aurek7
2019-04-15 17:07:48.538000128+08:00,99.0,10,aurek7
2019-04-16 09:30:03.784000+08:00,56.0,10,aurek7
2019-04-16 11:07:49.354000128+08:00,65.0,10,aurek7
2019-04-16 13:07:49.769999872+08:00,104.0,10,aurek7
2019-04-16 15:07:52.562000128+08:00,95.0,11,aurek7
2019-04-16 17:07:49.211000064+08:00,79.0,10,aurek7
2019-04-17 09:52:52.937999872+08:00,90.0,10,aurek7
2019-04-17 11:07:52.816999936+08:00,89.0,10,aurek7
2019-04-17 14:26:46.799000064+08:00,88.0,10,aurek7
2019-04-17 15:17:41.857000192+08:00,80.0,10,aurek7
2019-04-17 17:24:07.415000064+08:00,79.0,10,aurek7
2019-04-18 15:04:03.098000128+08:00,114.0,10,aurek7
2019-04-18 17:42:05.717999872+08:00,87.0,10,aurek7
2019-04-19 09:27:05.401999872+08:00,83.0,10,aurek7
2019-04-19 11:04:11.472000+08:00,94.0,10,aurek7
2019-04-19 13:04:01.371000064+08:00,95.0,9,aurek7
2019-04-19 15:04:02.813999872+08:00,86.0,11,aurek7
2019-04-19 17:04:00.996000+08:00,67.0,10,aurek7
2019-04-19 18:08:44.971000064+08:00,67.0,10,aurek7
2019-03-28 16:50:05.474999808+08:00,125.0,10,aurek8
2019-03-28 17:02:27.477999872+08:00,122.0,10,aurek8
2019-03-29 09:14:14.637000192+08:00,97.0,10,aurek8
2019-03-29 11:10:19.712999936+08:00,99.0,10,aurek8
2019-03-29 13:10:21.303000064+08:00,78.0,10,aurek8
2019-03-29 15:10:19.564999936+08:00,97.0,10,aurek8
2019-03-29 17:10:21.172000+08:00,158.0,10,aurek8
2019-03-30 13:05:24.857000192+08:00,106.0,10,aurek8
2019-03-31 11:30:35.432000+08:00,106.0,10,aurek8
2019-04-01 09:16:48.016000+08:00,111.0,10,aurek8
2019-04-01 11:16:28.388000+08:00,79.0,10,aurek8
2019-04-01 13:03:41.372000+08:00,85.0,10,aurek8
2019-04-01 15:03:39.921999872+08:00,77.0,9,aurek8
2019-04-01 17:03:44.500999936+08:00,105.0,9,aurek8
2019-04-02 09:57:55.152000+08:00,83.0,10,aurek8
2019-04-02 11:15:15.638000128+08:00,73.0,10,aurek8
2019-04-02 13:15:16.736999936+08:00,91.0,10,aurek8
2019-04-02 15:15:17.132999936+08:00,118.0,11,aurek8
2019-04-02 17:16:08.846999808+08:00,67.0,10,aurek8
2019-04-03 09:19:55.375000064+08:00,81.0,10,aurek8
2019-04-03 11:19:53.999000064+08:00,82.0,10,aurek8
2019-04-03 13:19:56.464000+08:00,81.0,10,aurek8
2019-04-03 15:19:55.262000128+08:00,85.0,10,aurek8
2019-04-03 17:07:40.263000064+08:00,74.0,10,aurek8
2019-04-05 11:19:39.207000064+08:00,82.0,10,aurek8
2019-04-05 13:30:13.846999808+08:00,92.0,10,aurek8
2019-04-05 15:07:11.244999936+08:00,72.0,10,aurek8
2019-04-05 17:18:22.780999936+08:00,90.0,9,aurek8
2019-04-08 09:03:33.523000064+08:00,97.0,11,aurek8
2019-04-08 11:14:35.204000+08:00,67.0,9,aurek8
2019-04-08 11:59:12.536000+08:00,77.0,9,aurek8
2019-04-08 13:19:12.101000192+08:00,71.0,9,aurek8
2019-04-08 15:19:13.836999936+08:00,81.0,10,aurek8
2019-04-08 17:19:13.368000+08:00,91.0,11,aurek8
2019-04-09 11:11:16.188999936+08:00,99.0,11,aurek8
2019-04-09 13:11:17.259000064+08:00,60.0,9,aurek8
2019-04-09 15:11:17.749000192+08:00,86.0,11,aurek8
2019-04-09 17:11:18.673000192+08:00,63.0,9,aurek8
2019-04-10 09:24:27.484999936+08:00,84.0,11,aurek8
2019-04-10 11:04:39.990000128+08:00,71.0,9,aurek8
2019-04-10 13:04:27.846999808+08:00,70.0,10,aurek8
2019-04-10 15:04:25.604000+08:00,77.0,11,aurek8
2019-04-10 17:04:25.816999936+08:00,72.0,11,aurek8
2019-04-11 09:25:16.621999872+08:00,93.0,10,aurek8
2019-04-11 11:19:02.416000+08:00,81.0,10,aurek8
2019-04-11 13:19:02.720999936+08:00,84.0,10,aurek8
2019-04-11 15:19:03.525000192+08:00,78.0,11,aurek8
2019-04-11 17:19:05.322000128+08:00,76.0,10,aurek8
2019-04-12 09:14:24.132999936+08:00,72.0,10,aurek8
2019-04-12 11:12:05.286000128+08:00,77.0,10,aurek8
2019-04-12 14:35:27.248000+08:00,72.0,9,aurek8
2019-04-12 15:12:11.963000064+08:00,73.0,9,aurek8
2019-04-12 17:15:51.622999808+08:00,91.0,9,aurek8
2019-04-16 11:05:30.400000+08:00,83.0,10,aurek8
2019-04-16 13:05:29.892999936+08:00,98.0,10,aurek8
2019-04-16 15:08:57.612000+08:00,92.0,10,aurek8
2019-04-16 17:09:11.640999936+08:00,75.0,10,aurek8
2019-04-17 11:10:33.986000128+08:00,86.0,10,aurek8
2019-04-17 13:10:34.137000192+08:00,69.0,10,aurek8
2019-04-17 15:10:34.892999936+08:00,70.0,9,aurek8
2019-04-17 17:10:36.896000+08:00,72.0,9,aurek8
2019-04-17 17:36:03.992000+08:00,70.0,10,aurek8
2019-04-18 09:00:18.923000064+08:00,95.0,10,aurek8
2019-04-18 09:13:16.212000+08:00,82.0,10,aurek8
2019-04-18 11:13:23.986000128+08:00,112.0,11,aurek8
2019-04-18 13:16:14.387000064+08:00,76.0,10,aurek8
2019-04-18 15:13:17.280000+08:00,76.0,9,aurek8
2019-04-18 17:13:14.340000+08:00,79.0,10,aurek8
2019-04-19 09:57:12.469000192+08:00,59.0,10,aurek8
2019-04-19 11:17:10.226000128+08:00,54.0,10,aurek8
2019-04-19 13:17:10.477999872+08:00,70.0,10,aurek8
2019-04-19 15:17:09.292000+08:00,73.0,10,aurek8
2019-04-19 16:01:51.226000128+08:00,76.0,11,aurek8
2019-04-19 17:17:09.727000064+08:00,66.0,10,aurek8
2019-03-25 20:45:37.300000+08:00,71.0,10,aurek9
2019-04-17 16:09:11.860999936+08:00,74.0,10,aurek9
2019-04-17 16:10:55.369999872+08:00,80.0,10,aurek9
2019-04-17 16:50:05.378000128+08:00,77.0,10,aurek9
2019-04-17 17:08:13.377000192+08:00,80.0,10,aurek9
2019-04-18 11:29:32.920000+08:00,106.0,11,aurek9
2019-04-19 11:16:16.648999936+08:00,114.0,11,aurek9
2019-04-19 12:05:46.224999936+08:00,100.0,11,aurek9
2019-04-19 15:02:05.712999936+08:00,99.0,11,aurek9
2019-04-19 17:34:30.107000064+08:00,99.0,11,aurek9
2019-04-20 11:59:31.936999936+08:00,99.0,11,aurek9
2019-04-20 14:42:42.094000128+08:00,99.0,10,aurek9
